,Name,Year,Value,Area,Area_Percentage
0,BOY_kl,2016,115,4.35,7.082383588
1,BOY_kl,2016,131,10.49,17.07912732
2,BOY_kl,2016,171,2.56,4.168023445
3,BOY_kl,2016,411,4.97,8.091826767
4,BOY_kl,2016,459,11.77,19.16313904
5,BOY_kl,2016,9012,5.89,9.589710192
6,BOY_kl,2016,9018,14.25,23.20091176
7,BOY_kl,2016,9020,2.79,4.542494302
8,BOY_kl,2016,9023,4.35,7.082383588
9,BOY_kl,2017,115,2.33,3.793552589
10,BOY_kl,2017,121,1.27,2.067730381
11,BOY_kl,2017,131,0.71,1.155975252
12,BOY_kl,2017,171,6.47,10.534028
13,BOY_kl,2017,411,10.49,17.07912732
14,BOY_kl,2017,459,11.77,19.16313904
15,BOY_kl,2017,9012,6.99,11.38065777
16,BOY_kl,2017,9018,14.25,23.20091176
17,BOY_kl,2017,9020,2.79,4.542494302
18,BOY_kl,2017,9023,4.35,7.082383588
19,BOY_kl,2018,115,4.23,6.887007489
20,BOY_kl,2018,131,11.84,19.27710843
21,BOY_kl,2018,171,2.56,4.168023445
22,BOY_kl,2018,411,1.37,2.230543797
23,BOY_kl,2018,459,11.73,19.09801368
24,BOY_kl,2018,9012,6.99,11.38065777
25,BOY_kl,2018,9018,14.29,23.26603712
26,BOY_kl,2018,9020,4.06,6.610224683
27,BOY_kl,2018,9023,4.35,7.082383588
28,BOY_kl,2019,131,3.7,6.024096386
29,BOY_kl,2019,171,4.49,7.310322371
30,BOY_kl,2019,411,12.91,21.01921198
31,BOY_kl,2019,459,11.73,19.09801368
32,BOY_kl,2019,9012,5.89,9.589710192
33,BOY_kl,2019,9018,14.52,23.64050798
34,BOY_kl,2019,9020,3.83,6.235753826
35,BOY_kl,2019,9023,4.35,7.082383588
36,BOY_kl,2020,115,5.44,8.857049821
37,BOY_kl,2020,131,7.5,12.21100619
38,BOY_kl,2020,171,5.3,8.629111039
39,BOY_kl,2020,411,2.7,4.395962227
40,BOY_kl,2020,459,12.08,19.66786063
41,BOY_kl,2020,9012,5.89,9.589710192
42,BOY_kl,2020,9018,14,22.79387822
43,BOY_kl,2020,9020,4.16,6.773038098
44,BOY_kl,2020,9023,4.35,7.082383588
45,BOY_kl,2021,115,2.83,4.607619668
46,BOY_kl,2021,121,1.63,2.653858678
47,BOY_kl,2021,171,3.57,5.812438945
48,BOY_kl,2021,411,12.91,21.01921198
49,BOY_kl,2021,459,12.08,19.66786063
50,BOY_kl,2021,9012,5.89,9.589710192
51,BOY_kl,2021,9018,14,22.79387822
52,BOY_kl,2021,9020,4.16,6.773038098
53,BOY_kl,2021,9023,4.35,7.082383588
54,BOY_kl,2022,131,11.99,19.52132856
55,BOY_kl,2022,171,3.57,5.812438945
56,BOY_kl,2022,411,8.2,13.3507001
57,BOY_kl,2022,459,19.2,31.26017584
58,BOY_kl,2022,9018,13.94,22.69619017
59,BOY_kl,2022,9020,0.17,0.276782807
60,BOY_kl,2022,9023,4.35,7.082383588
61,BOY_oh_B224,2016,115,86.22,1.625688212
62,BOY_oh_B224,2016,121,3.35,0.063164643
63,BOY_oh_B224,2016,131,103.54,1.952258843
64,BOY_oh_B224,2016,171,118.35,2.23150313
65,BOY_oh_B224,2016,411,307.08,5.790029414
66,BOY_oh_B224,2016,459,382.83,7.218304548
67,BOY_oh_B224,2016,602,40.48,0.763255147
68,BOY_oh_B224,2016,9001,47.18,0.889584433
69,BOY_oh_B224,2016,9002,1818.98,34.29708123
70,BOY_oh_B224,2016,9003,286.87,5.408967494
71,BOY_oh_B224,2016,9007,6.19,0.116713176
72,BOY_oh_B224,2016,9008,49.43,0.932008447
73,BOY_oh_B224,2016,9010,60.65,1.143562863
74,BOY_oh_B224,2016,9011,67.08,1.264801267
75,BOY_oh_B224,2016,9012,327.52,6.175428011
76,BOY_oh_B224,2016,9018,213.02,4.016517083
77,BOY_oh_B224,2016,9020,283.54,5.346179953
78,BOY_oh_B224,2016,9021,4.42,0.083339618
79,BOY_oh_B224,2016,9023,991.75,18.69956256
80,BOY_oh_B224,2016,9024,0.08,0.001508409
81,BOY_oh_B224,2016,9025,100.89,1.902292782
82,BOY_oh_B224,2016,9029,4.15,0.078248737
83,BOY_oh_B224,2017,115,110.3,2.079719436
84,BOY_oh_B224,2017,121,13.5,0.254544083
85,BOY_oh_B224,2017,131,120.25,2.267327853
86,BOY_oh_B224,2017,171,89.41,1.685836036
87,BOY_oh_B224,2017,411,284.29,5.360321291
88,BOY_oh_B224,2017,459,388.48,7.32483596
89,BOY_oh_B224,2017,602,34.53,0.6510672
90,BOY_oh_B224,2017,9001,47.18,0.889584433
91,BOY_oh_B224,2017,9002,1817.7,34.27294668
92,BOY_oh_B224,2017,9003,286.87,5.408967494
93,BOY_oh_B224,2017,9007,6.19,0.116713176
94,BOY_oh_B224,2017,9008,49.43,0.932008447
95,BOY_oh_B224,2017,9010,60.65,1.143562863
96,BOY_oh_B224,2017,9011,67.08,1.264801267
97,BOY_oh_B224,2017,9012,326.2,6.150539256
98,BOY_oh_B224,2017,9018,209.72,3.954295196
99,BOY_oh_B224,2017,9020,292.6,5.517007316
100,BOY_oh_B224,2017,9021,4.42,0.083339618
101,BOY_oh_B224,2017,9023,989.68,18.66053247
102,BOY_oh_B224,2017,9024,0.08,0.001508409
103,BOY_oh_B224,2017,9025,100.89,1.902292782
104,BOY_oh_B224,2017,9029,4.15,0.078248737
105,BOY_oh_B224,2018,115,55.22,1.041179576
106,BOY_oh_B224,2018,121,14.34,0.270382382
107,BOY_oh_B224,2018,131,116.19,2.190776077
108,BOY_oh_B224,2018,171,89.4,1.685647485
109,BOY_oh_B224,2018,411,342.74,6.462402896
110,BOY_oh_B224,2018,459,380.19,7.168527038
111,BOY_oh_B224,2018,602,26.76,0.504562938
112,BOY_oh_B224,2018,9001,47.18,0.889584433
113,BOY_oh_B224,2018,9002,1817.17,34.26295347
114,BOY_oh_B224,2018,9003,286.87,5.408967494
115,BOY_oh_B224,2018,9007,6.19,0.116713176
116,BOY_oh_B224,2018,9008,49.43,0.932008447
117,BOY_oh_B224,2018,9010,60.65,1.143562863
118,BOY_oh_B224,2018,9011,67.08,1.264801267
119,BOY_oh_B224,2018,9012,333.45,6.287238857
120,BOY_oh_B224,2018,9018,214.47,4.043857003
121,BOY_oh_B224,2018,9020,295.51,5.571875707
122,BOY_oh_B224,2018,9021,4.42,0.083339618
123,BOY_oh_B224,2018,9023,991.22,18.68956935
124,BOY_oh_B224,2018,9024,0.08,0.001508409
125,BOY_oh_B224,2018,9025,100.89,1.902292782
126,BOY_oh_B224,2018,9029,4.15,0.078248737
127,BOY_oh_B224,2019,115,55.81,1.052304095
128,BOY_oh_B224,2019,121,24.35,0.459122106
129,BOY_oh_B224,2019,131,113.75,2.14476959
130,BOY_oh_B224,2019,171,67.52,1.273097519
131,BOY_oh_B224,2019,411,363.4,6.851949619
132,BOY_oh_B224,2019,459,392.96,7.409306886
133,BOY_oh_B224,2019,602,35.82,0.675390301
134,BOY_oh_B224,2019,9001,47.18,0.889584433
135,BOY_oh_B224,2019,9002,1810.45,34.13624708
136,BOY_oh_B224,2019,9003,286.87,5.408967494
137,BOY_oh_B224,2019,9007,6.19,0.116713176
138,BOY_oh_B224,2019,9008,49.43,0.932008447
139,BOY_oh_B224,2019,9010,61.42,1.158081303
140,BOY_oh_B224,2019,9011,67.08,1.264801267
141,BOY_oh_B224,2019,9012,332.28,6.265178369
142,BOY_oh_B224,2019,9018,212.66,4.009729241
143,BOY_oh_B224,2019,9020,276.29,5.209480353
144,BOY_oh_B224,2019,9021,4.45,0.083905272
145,BOY_oh_B224,2019,9023,990.57,18.67731352
146,BOY_oh_B224,2019,9024,0.08,0.001508409
147,BOY_oh_B224,2019,9025,100.89,1.902292782
148,BOY_oh_B224,2019,9029,4.15,0.078248737
149,BOY_oh_B224,2020,115,39.92,0.752696282
150,BOY_oh_B224,2020,121,32.1,0.605249265
151,BOY_oh_B224,2020,131,139.21,2.624820876
152,BOY_oh_B224,2020,171,55.95,1.054943812
153,BOY_oh_B224,2020,411,354.8,6.689795611
154,BOY_oh_B224,2020,459,399.87,7.539595746
155,BOY_oh_B224,2020,602,30.79,0.580549061
156,BOY_oh_B224,2020,9001,47.18,0.889584433
157,BOY_oh_B224,2020,9002,1810.37,34.13473867
158,BOY_oh_B224,2020,9003,286.87,5.408967494
159,BOY_oh_B224,2020,9007,6.19,0.116713176
160,BOY_oh_B224,2020,9008,48.82,0.920506826
161,BOY_oh_B224,2020,9010,61.42,1.158081303
162,BOY_oh_B224,2020,9011,67.08,1.264801267
163,BOY_oh_B224,2020,9012,333.47,6.287615959
164,BOY_oh_B224,2020,9018,206.8,3.899238253
165,BOY_oh_B224,2020,9020,279.73,5.274341956
166,BOY_oh_B224,2020,9021,4.49,0.084659477
167,BOY_oh_B224,2020,9023,992.83,18.71992609
168,BOY_oh_B224,2020,9024,0.08,0.001508409
169,BOY_oh_B224,2020,9025,101.48,1.913417301
170,BOY_oh_B224,2020,9029,4.15,0.078248737
171,BOY_oh_B224,2021,115,50.68,0.955577344
172,BOY_oh_B224,2021,121,62.51,1.178633381
173,BOY_oh_B224,2021,131,114.28,2.154762803
174,BOY_oh_B224,2021,171,46.1,0.869220907
175,BOY_oh_B224,2021,411,298.44,5.627121201
176,BOY_oh_B224,2021,459,410.51,7.740214194
177,BOY_oh_B224,2021,602,37.15,0.700467607
178,BOY_oh_B224,2021,9001,47.18,0.889584433
179,BOY_oh_B224,2021,9002,1809.42,34.11682631
180,BOY_oh_B224,2021,9003,286.87,5.408967494
181,BOY_oh_B224,2021,9007,6.19,0.116713176
182,BOY_oh_B224,2021,9008,48.82,0.920506826
183,BOY_oh_B224,2021,9010,60.84,1.147145335
184,BOY_oh_B224,2021,9011,67.08,1.264801267
185,BOY_oh_B224,2021,9012,332.12,6.262161551
186,BOY_oh_B224,2021,9018,209.2,3.944490535
187,BOY_oh_B224,2021,9020,314.45,5.928991628
188,BOY_oh_B224,2021,9021,4.49,0.084659477
189,BOY_oh_B224,2021,9023,991.56,18.69598009
190,BOY_oh_B224,2021,9024,0.08,0.001508409
191,BOY_oh_B224,2021,9025,101.48,1.913417301
192,BOY_oh_B224,2021,9029,4.15,0.078248737
193,BOY_oh_B224,2022,115,45.88,0.865072781
194,BOY_oh_B224,2022,121,58.24,1.09812203
195,BOY_oh_B224,2022,131,148.34,2.796968097
196,BOY_oh_B224,2022,171,88.56,1.669809186
197,BOY_oh_B224,2022,411,494.7,9.327626518
198,BOY_oh_B224,2022,459,630.62,11.89041406
199,BOY_oh_B224,2022,602,48.23,0.909382306
200,BOY_oh_B224,2022,9001,47.18,0.889584433
201,BOY_oh_B224,2022,9002,1809.16,34.11192398
202,BOY_oh_B224,2022,9003,286.86,5.408778943
203,BOY_oh_B224,2022,9007,6.19,0.116713176
204,BOY_oh_B224,2022,9008,48.82,0.920506826
205,BOY_oh_B224,2022,9010,60.84,1.147145335
206,BOY_oh_B224,2022,9011,67.08,1.264801267
207,BOY_oh_B224,2022,9012,1.45,0.02733992
208,BOY_oh_B224,2022,9018,208.54,3.932046157
209,BOY_oh_B224,2022,9020,155.91,2.939701335
210,BOY_oh_B224,2022,9023,991.3,18.69107776
211,BOY_oh_B224,2022,9024,0.08,0.001508409
212,BOY_oh_B224,2022,9025,101.47,1.91322875
213,BOY_oh_B224,2022,9029,4.15,0.078248737
214,BOY_oh_Br,2016,115,13.27,1.984803614
215,BOY_oh_Br,2016,121,1.22,0.182476293
216,BOY_oh_Br,2016,131,25.27,3.779652398
217,BOY_oh_Br,2016,171,11.53,1.72455054
218,BOY_oh_Br,2016,411,60.75,9.086421969
219,BOY_oh_Br,2016,459,133.65,19.99012833
220,BOY_oh_Br,2016,602,2.93,0.438242245
221,BOY_oh_Br,2016,9002,92.96,13.90409525
222,BOY_oh_Br,2016,9012,36.09,5.398007718
223,BOY_oh_Br,2016,9018,146.85,21.96446199
224,BOY_oh_Br,2016,9020,34.46,5.154207425
225,BOY_oh_Br,2016,9023,31.6,4.726435131
226,BOY_oh_Br,2016,9025,78,11.6665171
227,BOY_oh_Br,2017,115,12.86,1.923479614
228,BOY_oh_Br,2017,121,2.99,0.447216489
229,BOY_oh_Br,2017,131,14.87,2.224116785
230,BOY_oh_Br,2017,171,9.16,1.370067905
231,BOY_oh_Br,2017,411,69.05,10.32785904
232,BOY_oh_Br,2017,459,133.99,20.04098238
233,BOY_oh_Br,2017,602,4.06,0.607257172
234,BOY_oh_Br,2017,9002,92.96,13.90409525
235,BOY_oh_Br,2017,9012,37.22,5.567022645
236,BOY_oh_Br,2017,9018,143.61,21.47985282
237,BOY_oh_Br,2017,9020,38.38,5.740524694
238,BOY_oh_Br,2017,9023,31.43,4.701008107
239,BOY_oh_Br,2017,9025,78,11.6665171
240,BOY_oh_Br,2018,115,14.45,2.161297077
241,BOY_oh_Br,2018,121,0.52,0.077776781
242,BOY_oh_Br,2018,131,14.52,2.171767029
243,BOY_oh_Br,2018,171,4.9,0.732896587
244,BOY_oh_Br,2018,411,70.05,10.47742978
245,BOY_oh_Br,2018,459,135.29,20.23542433
246,BOY_oh_Br,2018,602,4.47,0.668581172
247,BOY_oh_Br,2018,9002,92.96,13.90409525
248,BOY_oh_Br,2018,9012,37.16,5.558048401
249,BOY_oh_Br,2018,9018,144.35,21.59053516
250,BOY_oh_Br,2018,9020,40.48,6.054623231
251,BOY_oh_Br,2018,9023,31.43,4.701008107
252,BOY_oh_Br,2018,9025,78,11.6665171
253,BOY_oh_Br,2019,115,5.58,0.834604685
254,BOY_oh_Br,2019,121,2.34,0.349995513
255,BOY_oh_Br,2019,131,20.39,3.049747225
256,BOY_oh_Br,2019,171,7.97,1.192078734
257,BOY_oh_Br,2019,411,71.63,10.71375153
258,BOY_oh_Br,2019,459,134.97,20.1875617
259,BOY_oh_Br,2019,602,2.28,0.341021269
260,BOY_oh_Br,2019,9002,93.17,13.9355051
261,BOY_oh_Br,2019,9012,36.06,5.393520596
262,BOY_oh_Br,2019,9018,145.89,21.82087409
263,BOY_oh_Br,2019,9020,38.87,5.813814353
264,BOY_oh_Br,2019,9023,31.43,4.701008107
265,BOY_oh_Br,2019,9025,78,11.6665171
266,BOY_oh_Br,2020,115,10.06,1.504681564
267,BOY_oh_Br,2020,121,2,0.299141464
268,BOY_oh_Br,2020,131,19.45,2.909150737
269,BOY_oh_Br,2020,171,7.31,1.093362051
270,BOY_oh_Br,2020,411,63,9.422956116
271,BOY_oh_Br,2020,459,136.33,20.39097789
272,BOY_oh_Br,2020,602,0.14,0.020939902
273,BOY_oh_Br,2020,9002,93.22,13.94298364
274,BOY_oh_Br,2020,9012,36.27,5.42493045
275,BOY_oh_Br,2020,9018,144.76,21.65185916
276,BOY_oh_Br,2020,9020,46.02,6.883245087
277,BOY_oh_Br,2020,9023,31.43,4.701008107
278,BOY_oh_Br,2020,9025,78.59,11.75476383
279,BOY_oh_Br,2021,115,6.05,0.904902929
280,BOY_oh_Br,2021,121,7.71,1.153190344
281,BOY_oh_Br,2021,131,7.96,1.190583027
282,BOY_oh_Br,2021,171,7.13,1.066439319
283,BOY_oh_Br,2021,411,72.7,10.87379222
284,BOY_oh_Br,2021,459,136.9,20.47623321
285,BOY_oh_Br,2021,9002,93.61,14.00131622
286,BOY_oh_Br,2021,9012,35.83,5.359119328
287,BOY_oh_Br,2021,9018,147.48,22.05869156
288,BOY_oh_Br,2021,9020,43.19,6.459959915
289,BOY_oh_Br,2021,9023,31.43,4.701008107
290,BOY_oh_Br,2021,9025,78.59,11.75476383
291,BOY_oh_Br,2022,115,4.67,0.698495318
292,BOY_oh_Br,2022,121,9.56,1.429896198
293,BOY_oh_Br,2022,131,37.86,5.662747913
294,BOY_oh_Br,2022,171,8.39,1.254898441
295,BOY_oh_Br,2022,411,73.66,11.01738012
296,BOY_oh_Br,2022,459,169.29,25.32082922
297,BOY_oh_Br,2022,602,0.29,0.043375512
298,BOY_oh_Br,2022,9002,93.54,13.99084627
299,BOY_oh_Br,2022,9018,147.03,21.99138473
300,BOY_oh_Br,2022,9020,14.27,2.134374346
301,BOY_oh_Br,2022,9023,31.43,4.701008107
302,BOY_oh_Br,2022,9025,78.59,11.75476383
303,BOY_oh_Ki,2016,115,80.11,1.910146116
304,BOY_oh_Ki,2016,121,3.35,0.079877537
305,BOY_oh_Ki,2016,131,93.53,2.230133145
306,BOY_oh_Ki,2016,171,110.56,2.636197162
307,BOY_oh_Ki,2016,411,294.59,7.024216008
308,BOY_oh_Ki,2016,459,361.44,8.618190142
309,BOY_oh_Ki,2016,602,37.1,0.884613917
310,BOY_oh_Ki,2016,9001,29.83,0.71126774
311,BOY_oh_Ki,2016,9002,1085.94,25.89319777
312,BOY_oh_Ki,2016,9003,162.13,3.865834351
313,BOY_oh_Ki,2016,9007,6.19,0.147594613
314,BOY_oh_Ki,2016,9008,49.43,1.178610942
315,BOY_oh_Ki,2016,9010,35.4,0.844079048
316,BOY_oh_Ki,2016,9011,50.25,1.198163055
317,BOY_oh_Ki,2016,9012,309.95,7.390460476
318,BOY_oh_Ki,2016,9018,212.3,5.062089882
319,BOY_oh_Ki,2016,9020,275.92,6.579047764
320,BOY_oh_Ki,2016,9023,890.78,21.23979475
321,BOY_oh_Ki,2016,9024,0.08,0.001907523
322,BOY_oh_Ki,2016,9025,100.89,2.405625286
323,BOY_oh_Ki,2016,9029,4.15,0.09895277
324,BOY_oh_Ki,2017,115,105.12,2.506485579
325,BOY_oh_Ki,2017,121,13.5,0.321894552
326,BOY_oh_Ki,2017,131,120.25,2.867245918
327,BOY_oh_Ki,2017,171,75.48,1.799748207
328,BOY_oh_Ki,2017,411,271.52,6.474133984
329,BOY_oh_Ki,2017,459,372.29,8.876897986
330,BOY_oh_Ki,2017,602,25.33,0.603969556
331,BOY_oh_Ki,2017,9001,29.83,0.71126774
332,BOY_oh_Ki,2017,9002,1084.66,25.8626774
333,BOY_oh_Ki,2017,9003,162.13,3.865834351
334,BOY_oh_Ki,2017,9007,6.19,0.147594613
335,BOY_oh_Ki,2017,9008,49.43,1.178610942
336,BOY_oh_Ki,2017,9010,35.4,0.844079048
337,BOY_oh_Ki,2017,9011,50.25,1.198163055
338,BOY_oh_Ki,2017,9012,303.46,7.235712651
339,BOY_oh_Ki,2017,9018,209,4.983404548
340,BOY_oh_Ki,2017,9020,286.26,6.825595147
341,BOY_oh_Ki,2017,9023,888.7,21.19019915
342,BOY_oh_Ki,2017,9024,0.08,0.001907523
343,BOY_oh_Ki,2017,9025,100.89,2.405625286
344,BOY_oh_Ki,2017,9029,4.15,0.09895277
345,BOY_oh_Ki,2018,115,51.72,1.233213795
346,BOY_oh_Ki,2018,121,8.37,0.199574622
347,BOY_oh_Ki,2018,131,116.19,2.770439112
348,BOY_oh_Ki,2018,171,69.78,1.663837174
349,BOY_oh_Ki,2018,411,336.37,8.020420037
350,BOY_oh_Ki,2018,459,365.97,8.726203647
351,BOY_oh_Ki,2018,602,26.76,0.638066534
352,BOY_oh_Ki,2018,9001,29.83,0.71126774
353,BOY_oh_Ki,2018,9002,1084.13,25.85004006
354,BOY_oh_Ki,2018,9003,162.13,3.865834351
355,BOY_oh_Ki,2018,9007,6.19,0.147594613
356,BOY_oh_Ki,2018,9008,49.43,1.178610942
357,BOY_oh_Ki,2018,9010,35.4,0.844079048
358,BOY_oh_Ki,2018,9011,50.25,1.198163055
359,BOY_oh_Ki,2018,9012,309.72,7.384976347
360,BOY_oh_Ki,2018,9018,213.75,5.096663742
361,BOY_oh_Ki,2018,9020,283.77,6.766223485
362,BOY_oh_Ki,2018,9023,889.04,21.19830612
363,BOY_oh_Ki,2018,9024,0.08,0.001907523
364,BOY_oh_Ki,2018,9025,100.89,2.405625286
365,BOY_oh_Ki,2018,9029,4.15,0.09895277
366,BOY_oh_Ki,2019,115,50.59,1.206270029
367,BOY_oh_Ki,2019,121,17.7,0.422039524
368,BOY_oh_Ki,2019,131,113.75,2.712259652
369,BOY_oh_Ki,2019,171,61.12,1.45734778
370,BOY_oh_Ki,2019,411,347.79,8.292718984
371,BOY_oh_Ki,2019,459,371.39,8.855438349
372,BOY_oh_Ki,2019,602,29.12,0.694338471
373,BOY_oh_Ki,2019,9001,29.83,0.71126774
374,BOY_oh_Ki,2019,9002,1084.49,25.85862391
375,BOY_oh_Ki,2019,9003,162.13,3.865834351
376,BOY_oh_Ki,2019,9007,6.19,0.147594613
377,BOY_oh_Ki,2019,9008,49.43,1.178610942
378,BOY_oh_Ki,2019,9010,36.17,0.862438959
379,BOY_oh_Ki,2019,9011,50.25,1.198163055
380,BOY_oh_Ki,2019,9012,308.78,7.362562948
381,BOY_oh_Ki,2019,9018,211.94,5.053506028
382,BOY_oh_Ki,2019,9020,269.09,6.416192965
383,BOY_oh_Ki,2019,9023,889.04,21.19830612
384,BOY_oh_Ki,2019,9024,0.08,0.001907523
385,BOY_oh_Ki,2019,9025,100.89,2.405625286
386,BOY_oh_Ki,2019,9029,4.15,0.09895277
387,BOY_oh_Ki,2020,115,35.19,0.839071799
388,BOY_oh_Ki,2020,121,28.39,0.676932321
389,BOY_oh_Ki,2020,131,125.83,3.000295666
390,BOY_oh_Ki,2020,171,54.08,1.289485732
391,BOY_oh_Ki,2020,411,340.19,8.111504273
392,BOY_oh_Ki,2020,459,377.04,8.99015718
393,BOY_oh_Ki,2020,602,30.79,0.734158019
394,BOY_oh_Ki,2020,9001,29.83,0.71126774
395,BOY_oh_Ki,2020,9002,1084.41,25.85671639
396,BOY_oh_Ki,2020,9003,162.13,3.865834351
397,BOY_oh_Ki,2020,9007,6.19,0.147594613
398,BOY_oh_Ki,2020,9008,48.82,1.164066077
399,BOY_oh_Ki,2020,9010,36.17,0.862438959
400,BOY_oh_Ki,2020,9011,50.25,1.198163055
401,BOY_oh_Ki,2020,9012,311.27,7.42193461
402,BOY_oh_Ki,2020,9018,206.08,4.913779948
403,BOY_oh_Ki,2020,9020,273.17,6.513476652
404,BOY_oh_Ki,2020,9023,888.38,21.18256905
405,BOY_oh_Ki,2020,9024,0.08,0.001907523
406,BOY_oh_Ki,2020,9025,101.48,2.41969327
407,BOY_oh_Ki,2020,9029,4.15,0.09895277
408,BOY_oh_Ki,2021,115,49.3,1.175511216
409,BOY_oh_Ki,2021,121,55.82,1.330974363
410,BOY_oh_Ki,2021,131,103.68,2.47215016
411,BOY_oh_Ki,2021,171,45.11,1.075604685
412,BOY_oh_Ki,2021,411,287.42,6.853254235
413,BOY_oh_Ki,2021,459,387.12,9.230505112
414,BOY_oh_Ki,2021,602,31.93,0.761340226
415,BOY_oh_Ki,2021,9001,29.83,0.71126774
416,BOY_oh_Ki,2021,9002,1083.46,25.83406455
417,BOY_oh_Ki,2021,9003,162.13,3.865834351
418,BOY_oh_Ki,2021,9007,6.19,0.147594613
419,BOY_oh_Ki,2021,9008,48.82,1.164066077
420,BOY_oh_Ki,2021,9010,35.59,0.848609416
421,BOY_oh_Ki,2021,9011,50.25,1.198163055
422,BOY_oh_Ki,2021,9012,309.92,7.389745155
423,BOY_oh_Ki,2021,9018,208.48,4.971005646
424,BOY_oh_Ki,2021,9020,305.02,7.272909354
425,BOY_oh_Ki,2021,9023,888.14,21.17684648
426,BOY_oh_Ki,2021,9024,0.08,0.001907523
427,BOY_oh_Ki,2021,9025,101.48,2.41969327
428,BOY_oh_Ki,2021,9029,4.15,0.09895277
429,BOY_oh_Ki,2022,115,43.42,1.035308256
430,BOY_oh_Ki,2022,121,40.53,0.966398978
431,BOY_oh_Ki,2022,131,148.25,3.534879063
432,BOY_oh_Ki,2022,171,74.34,1.772566
433,BOY_oh_Ki,2022,411,484.68,11.55672974
434,BOY_oh_Ki,2022,459,595.2,14.19197314
435,BOY_oh_Ki,2022,602,48.23,1.149998092
436,BOY_oh_Ki,2022,9001,29.83,0.71126774
437,BOY_oh_Ki,2022,9002,1083.21,25.82810354
438,BOY_oh_Ki,2022,9003,162.12,3.86559591
439,BOY_oh_Ki,2022,9007,6.19,0.147594613
440,BOY_oh_Ki,2022,9008,48.82,1.164066077
441,BOY_oh_Ki,2022,9010,35.59,0.848609416
442,BOY_oh_Ki,2022,9011,50.25,1.198163055
443,BOY_oh_Ki,2022,9018,207.82,4.955268579
444,BOY_oh_Ki,2022,9020,141.77,3.380369678
445,BOY_oh_Ki,2022,9023,887.97,21.172793
446,BOY_oh_Ki,2022,9024,0.08,0.001907523
447,BOY_oh_Ki,2022,9025,101.47,2.41945483
448,BOY_oh_Ki,2022,9029,4.15,0.09895277
449,BOY_oh_Sp,2016,115,54.14,2.917418833
450,BOY_oh_Sp,2016,121,3.35,0.180520005
451,BOY_oh_Sp,2016,131,76.06,4.098612421
452,BOY_oh_Sp,2016,171,78.17,4.212313081
453,BOY_oh_Sp,2016,411,211.86,11.41640846
454,BOY_oh_Sp,2016,459,256.67,13.83106561
455,BOY_oh_Sp,2016,602,35.42,1.908662266
456,BOY_oh_Sp,2016,9002,268.94,14.49225381
457,BOY_oh_Sp,2016,9003,58.22,3.137276034
458,BOY_oh_Sp,2016,9007,0.14,0.00754412
459,BOY_oh_Sp,2016,9012,188.61,10.16354574
460,BOY_oh_Sp,2016,9018,177.76,9.578876465
461,BOY_oh_Sp,2016,9020,198.03,10.67115721
462,BOY_oh_Sp,2016,9023,147.41,7.943419103
463,BOY_oh_Sp,2016,9024,0.08,0.004310926
464,BOY_oh_Sp,2016,9025,100.89,5.436615923
465,BOY_oh_Sp,2017,115,81.47,4.390138758
466,BOY_oh_Sp,2017,121,13.5,0.727468678
467,BOY_oh_Sp,2017,131,83.78,4.514616732
468,BOY_oh_Sp,2017,171,71.01,3.826485249
469,BOY_oh_Sp,2017,411,190.07,10.24222013
470,BOY_oh_Sp,2017,459,265.34,14.29826216
471,BOY_oh_Sp,2017,602,25.33,1.364946787
472,BOY_oh_Sp,2017,9002,268.94,14.49225381
473,BOY_oh_Sp,2017,9003,58.22,3.137276034
474,BOY_oh_Sp,2017,9007,0.14,0.00754412
475,BOY_oh_Sp,2017,9012,182.58,9.838609727
476,BOY_oh_Sp,2017,9018,174.26,9.390273474
477,BOY_oh_Sp,2017,9020,194.03,10.45561094
478,BOY_oh_Sp,2017,9023,146.11,7.873366563
479,BOY_oh_Sp,2017,9024,0.08,0.004310926
480,BOY_oh_Sp,2017,9025,100.89,5.436615923
481,BOY_oh_Sp,2018,115,36.04,1.942071939
482,BOY_oh_Sp,2018,121,4.33,0.233328843
483,BOY_oh_Sp,2018,131,67.73,3.649737303
484,BOY_oh_Sp,2018,171,65.35,3.521487269
485,BOY_oh_Sp,2018,411,265.2,14.29071804
486,BOY_oh_Sp,2018,459,264.87,14.27293547
487,BOY_oh_Sp,2018,602,15.48,0.834164085
488,BOY_oh_Sp,2018,9002,268.94,14.49225381
489,BOY_oh_Sp,2018,9003,58.22,3.137276034
490,BOY_oh_Sp,2018,9007,0.14,0.00754412
491,BOY_oh_Sp,2018,9012,186.72,10.06170012
492,BOY_oh_Sp,2018,9018,175.12,9.436615923
493,BOY_oh_Sp,2018,9020,200.53,10.80587364
494,BOY_oh_Sp,2018,9023,146.11,7.873366563
495,BOY_oh_Sp,2018,9024,0.08,0.004310926
496,BOY_oh_Sp,2018,9025,100.89,5.436615923
497,BOY_oh_Sp,2019,115,40.75,2.195877677
498,BOY_oh_Sp,2019,121,11.07,0.596524316
499,BOY_oh_Sp,2019,131,83.63,4.506533746
500,BOY_oh_Sp,2019,171,54.15,2.917957699
501,BOY_oh_Sp,2019,411,243.26,13.10844672
502,BOY_oh_Sp,2019,459,268.84,14.48686515
503,BOY_oh_Sp,2019,602,25.08,1.351475145
504,BOY_oh_Sp,2019,9002,269.15,14.50356999
505,BOY_oh_Sp,2019,9003,58.22,3.137276034
506,BOY_oh_Sp,2019,9007,0.14,0.00754412
507,BOY_oh_Sp,2019,9012,183.61,9.894112892
508,BOY_oh_Sp,2019,9018,175.31,9.446854372
509,BOY_oh_Sp,2019,9020,195.46,10.53266873
510,BOY_oh_Sp,2019,9023,146.11,7.873366563
511,BOY_oh_Sp,2019,9024,0.08,0.004310926
512,BOY_oh_Sp,2019,9025,100.89,5.436615923
513,BOY_oh_Sp,2020,115,28.27,1.523373299
514,BOY_oh_Sp,2020,121,16.54,0.891283848
515,BOY_oh_Sp,2020,131,79.59,4.288832009
516,BOY_oh_Sp,2020,171,49.04,2.642597333
517,BOY_oh_Sp,2020,411,252.28,13.59450357
518,BOY_oh_Sp,2020,459,272.58,14.68840092
519,BOY_oh_Sp,2020,602,26.07,1.404822848
520,BOY_oh_Sp,2020,9002,269.02,14.49656473
521,BOY_oh_Sp,2020,9003,58.22,3.137276034
522,BOY_oh_Sp,2020,9007,0.14,0.00754412
523,BOY_oh_Sp,2020,9012,185.54,9.99811397
524,BOY_oh_Sp,2020,9018,170.8,9.203825946
525,BOY_oh_Sp,2020,9020,198.86,10.71588307
526,BOY_oh_Sp,2020,9023,147.24,7.934258386
527,BOY_oh_Sp,2020,9024,0.08,0.004310926
528,BOY_oh_Sp,2020,9025,101.48,5.468408999
529,BOY_oh_Sp,2021,115,41,2.20934932
530,BOY_oh_Sp,2021,121,35.49,1.912434326
531,BOY_oh_Sp,2021,131,69.51,3.745655395
532,BOY_oh_Sp,2021,171,39.55,2.131213795
533,BOY_oh_Sp,2021,411,219.69,11.83834029
534,BOY_oh_Sp,2021,459,277.16,14.9352014
535,BOY_oh_Sp,2021,602,24.61,1.326148457
536,BOY_oh_Sp,2021,9002,268.66,14.47716557
537,BOY_oh_Sp,2021,9003,58.22,3.137276034
538,BOY_oh_Sp,2021,9007,0.14,0.00754412
539,BOY_oh_Sp,2021,9012,184.08,9.91943958
540,BOY_oh_Sp,2021,9018,173.46,9.347164219
541,BOY_oh_Sp,2021,9020,215.62,11.61902196
542,BOY_oh_Sp,2021,9023,147,7.92132561
543,BOY_oh_Sp,2021,9024,0.08,0.004310926
544,BOY_oh_Sp,2021,9025,101.48,5.468408999
545,BOY_oh_Sp,2022,115,34.95,1.883335579
546,BOY_oh_Sp,2022,121,24.5,1.320220935
547,BOY_oh_Sp,2022,131,117.63,6.338677085
548,BOY_oh_Sp,2022,171,64.28,3.463828641
549,BOY_oh_Sp,2022,411,352.72,19.00687054
550,BOY_oh_Sp,2022,459,413.46,22.27994072
551,BOY_oh_Sp,2022,602,31.7,1.70820423
552,BOY_oh_Sp,2022,9002,268.54,14.47069918
553,BOY_oh_Sp,2022,9003,58.21,3.136737168
554,BOY_oh_Sp,2022,9007,0.14,0.00754412
555,BOY_oh_Sp,2022,9018,172.8,9.311599084
556,BOY_oh_Sp,2022,9020,68.37,3.684224707
557,BOY_oh_Sp,2022,9023,146.9,7.915936953
558,BOY_oh_Sp,2022,9024,0.08,0.004310926
559,BOY_oh_Sp,2022,9025,101.47,5.467870133
560,BOY_uh_Ha,2016,115,108.52,1.614136336
561,BOY_uh_Ha,2016,121,11.96,0.177894126
562,BOY_uh_Ha,2016,131,133.57,1.986732311
563,BOY_uh_Ha,2016,171,123.34,1.834570362
564,BOY_uh_Ha,2016,411,346.38,5.152087579
565,BOY_uh_Ha,2016,459,431.73,6.42159123
566,BOY_uh_Ha,2016,602,59.03,0.878017581
567,BOY_uh_Ha,2016,9001,105.8,1.573678809
568,BOY_uh_Ha,2016,9002,2544.04,37.84028201
569,BOY_uh_Ha,2016,9003,325.1,4.835566926
570,BOY_uh_Ha,2016,9007,6.19,0.092070622
571,BOY_uh_Ha,2016,9008,102.27,1.521173268
572,BOY_uh_Ha,2016,9010,60.65,0.902113608
573,BOY_uh_Ha,2016,9011,67.08,0.997754012
574,BOY_uh_Ha,2016,9012,366.76,5.45522155
575,BOY_uh_Ha,2016,9018,215.95,3.212059913
576,BOY_uh_Ha,2016,9020,294.97,4.38741057
577,BOY_uh_Ha,2016,9021,148.03,2.201811664
578,BOY_uh_Ha,2016,9023,1166.61,17.35226309
579,BOY_uh_Ha,2016,9024,0.08,0.001189927
580,BOY_uh_Ha,2016,9025,100.89,1.500647023
581,BOY_uh_Ha,2016,9029,4.15,0.061727477
582,BOY_uh_Ha,2017,115,124.59,1.853162975
583,BOY_uh_Ha,2017,121,20.45,0.304175157
584,BOY_uh_Ha,2017,131,136.51,2.030462138
585,BOY_uh_Ha,2017,171,101.78,1.513884964
586,BOY_uh_Ha,2017,411,343.51,5.109398938
587,BOY_uh_Ha,2017,459,437.38,6.505629843
588,BOY_uh_Ha,2017,602,48.49,0.721244664
589,BOY_uh_Ha,2017,9001,105.8,1.573678809
590,BOY_uh_Ha,2017,9002,2542.76,37.82124318
591,BOY_uh_Ha,2017,9003,325.1,4.835566926
592,BOY_uh_Ha,2017,9007,6.19,0.092070622
593,BOY_uh_Ha,2017,9008,102.27,1.521173268
594,BOY_uh_Ha,2017,9010,60.65,0.902113608
595,BOY_uh_Ha,2017,9011,67.08,0.997754012
596,BOY_uh_Ha,2017,9012,365.38,5.434695304
597,BOY_uh_Ha,2017,9018,212.65,3.162975413
598,BOY_uh_Ha,2017,9020,304.82,4.533920364
599,BOY_uh_Ha,2017,9021,148.03,2.201811664
600,BOY_uh_Ha,2017,9023,1164.54,17.32147372
601,BOY_uh_Ha,2017,9024,0.08,0.001189927
602,BOY_uh_Ha,2017,9025,100.89,1.500647023
603,BOY_uh_Ha,2017,9029,4.15,0.061727477
604,BOY_uh_Ha,2018,115,78.87,1.173119543
605,BOY_uh_Ha,2018,121,18.97,0.282161503
606,BOY_uh_Ha,2018,131,131.02,1.948803379
607,BOY_uh_Ha,2018,171,102.18,1.5198346
608,BOY_uh_Ha,2018,411,396.09,5.891478633
609,BOY_uh_Ha,2018,459,428.63,6.375481549
610,BOY_uh_Ha,2018,602,33.59,0.499620711
611,BOY_uh_Ha,2018,9001,105.8,1.573678809
612,BOY_uh_Ha,2018,9002,2542.6,37.81886332
613,BOY_uh_Ha,2018,9003,325.1,4.835566926
614,BOY_uh_Ha,2018,9007,6.19,0.092070622
615,BOY_uh_Ha,2018,9008,102.62,1.5263792
616,BOY_uh_Ha,2018,9010,60.65,0.902113608
617,BOY_uh_Ha,2018,9011,67.08,0.997754012
618,BOY_uh_Ha,2018,9012,372.84,5.545656022
619,BOY_uh_Ha,2018,9018,217.4,3.233627345
620,BOY_uh_Ha,2018,9020,314.9,4.6838512
621,BOY_uh_Ha,2018,9021,147.37,2.191994764
622,BOY_uh_Ha,2018,9023,1166.08,17.34437982
623,BOY_uh_Ha,2018,9024,0.08,0.001189927
624,BOY_uh_Ha,2018,9025,100.89,1.500647023
625,BOY_uh_Ha,2018,9029,4.15,0.061727477
626,BOY_uh_Ha,2019,115,79.86,1.187844893
627,BOY_uh_Ha,2019,121,25.92,0.385536434
628,BOY_uh_Ha,2019,131,126.71,1.884696048
629,BOY_uh_Ha,2019,171,72.51,1.078520325
630,BOY_uh_Ha,2019,411,414.07,6.158914786
631,BOY_uh_Ha,2019,459,441.04,6.560069016
632,BOY_uh_Ha,2019,602,59.8,0.889470631
633,BOY_uh_Ha,2019,9001,105.8,1.573678809
634,BOY_uh_Ha,2019,9002,2535.64,37.71533965
635,BOY_uh_Ha,2019,9003,325.1,4.835566926
636,BOY_uh_Ha,2019,9007,6.19,0.092070622
637,BOY_uh_Ha,2019,9008,102.27,1.521173268
638,BOY_uh_Ha,2019,9010,61.42,0.913566658
639,BOY_uh_Ha,2019,9011,67.08,0.997754012
640,BOY_uh_Ha,2019,9012,371.96,5.532566822
641,BOY_uh_Ha,2019,9018,215.59,3.20670524
642,BOY_uh_Ha,2019,9020,293.95,4.372238997
643,BOY_uh_Ha,2019,9021,147.64,2.196010769
644,BOY_uh_Ha,2019,9023,1165.43,17.33471167
645,BOY_uh_Ha,2019,9024,0.08,0.001189927
646,BOY_uh_Ha,2019,9025,100.89,1.500647023
647,BOY_uh_Ha,2019,9029,4.15,0.061727477
648,BOY_uh_Ha,2020,115,49.16,0.731210305
649,BOY_uh_Ha,2020,121,38.76,0.57651976
650,BOY_uh_Ha,2020,131,152.95,2.274992191
651,BOY_uh_Ha,2020,171,63.17,0.939596317
652,BOY_uh_Ha,2020,411,424.75,6.317770076
653,BOY_uh_Ha,2020,459,447.56,6.657048088
654,BOY_uh_Ha,2020,602,42.24,0.628281596
655,BOY_uh_Ha,2020,9001,105.8,1.573678809
656,BOY_uh_Ha,2020,9002,2535.56,37.71414972
657,BOY_uh_Ha,2020,9003,325.1,4.835566926
658,BOY_uh_Ha,2020,9007,6.19,0.092070622
659,BOY_uh_Ha,2020,9008,101.96,1.5165623
660,BOY_uh_Ha,2020,9010,61.42,0.913566658
661,BOY_uh_Ha,2020,9011,67.08,0.997754012
662,BOY_uh_Ha,2020,9012,373.58,5.556662849
663,BOY_uh_Ha,2020,9018,209.73,3.119543068
664,BOY_uh_Ha,2020,9020,297,4.417604974
665,BOY_uh_Ha,2020,9021,147.69,2.196754473
666,BOY_uh_Ha,2020,9023,1167.69,17.36832711
667,BOY_uh_Ha,2020,9024,0.08,0.001189927
668,BOY_uh_Ha,2020,9025,101.48,1.509422737
669,BOY_uh_Ha,2020,9029,4.15,0.061727477
670,BOY_uh_Ha,2021,115,67.2,0.999538903
671,BOY_uh_Ha,2021,121,72.31,1.075545507
672,BOY_uh_Ha,2021,131,138.87,2.065564992
673,BOY_uh_Ha,2021,171,51.09,0.7599173
674,BOY_uh_Ha,2021,411,340.38,5.062843034
675,BOY_uh_Ha,2021,459,460.05,6.842825482
676,BOY_uh_Ha,2021,602,53.23,0.791747854
677,BOY_uh_Ha,2021,9001,105.8,1.573678809
678,BOY_uh_Ha,2021,9002,2534.61,37.70001934
679,BOY_uh_Ha,2021,9003,325.1,4.835566926
680,BOY_uh_Ha,2021,9007,6.19,0.092070622
681,BOY_uh_Ha,2021,9008,101.66,1.512100073
682,BOY_uh_Ha,2021,9010,60.84,0.904939686
683,BOY_uh_Ha,2021,9011,67.08,0.997754012
684,BOY_uh_Ha,2021,9012,372.17,5.535690381
685,BOY_uh_Ha,2021,9018,212.13,3.155240886
686,BOY_uh_Ha,2021,9020,335.99,4.997545775
687,BOY_uh_Ha,2021,9021,146.54,2.179649269
688,BOY_uh_Ha,2021,9023,1166.15,17.34542101
689,BOY_uh_Ha,2021,9024,0.08,0.001189927
690,BOY_uh_Ha,2021,9025,101.48,1.509422737
691,BOY_uh_Ha,2021,9029,4.15,0.061727477
692,BOY_uh_Ha,2022,115,64.73,0.962799899
693,BOY_uh_Ha,2022,121,91.4,1.359491901
694,BOY_uh_Ha,2022,131,166.61,2.478172272
695,BOY_uh_Ha,2022,171,95.33,1.417947078
696,BOY_uh_Ha,2022,411,570.42,8.484478886
697,BOY_uh_Ha,2022,459,749.41,11.1467924
698,BOY_uh_Ha,2022,602,65.49,0.974104208
699,BOY_uh_Ha,2022,9001,105.8,1.573678809
700,BOY_uh_Ha,2022,9002,2534.21,37.6940697
701,BOY_uh_Ha,2022,9003,325.09,4.835418185
702,BOY_uh_Ha,2022,9007,6.19,0.092070622
703,BOY_uh_Ha,2022,9008,101.66,1.512100073
704,BOY_uh_Ha,2022,9010,60.84,0.904939686
705,BOY_uh_Ha,2022,9011,67.08,0.997754012
706,BOY_uh_Ha,2022,9012,1.48,0.022013654
707,BOY_uh_Ha,2022,9018,211.39,3.144234059
708,BOY_uh_Ha,2022,9020,228.66,3.401109607
709,BOY_uh_Ha,2022,9021,5.79,0.086120986
710,BOY_uh_Ha,2022,9023,1165.82,17.34051256
711,BOY_uh_Ha,2022,9024,0.08,0.001189927
712,BOY_uh_Ha,2022,9025,101.47,1.509273996
713,BOY_uh_Ha,2022,9029,4.15,0.061727477
714,BOY_uh_Sp,2016,115,58.39,2.230251825
715,BOY_uh_Sp,2016,121,3.35,0.127955876
716,BOY_uh_Sp,2016,131,76.06,2.905171327
717,BOY_uh_Sp,2016,171,80.72,3.08316368
718,BOY_uh_Sp,2016,411,232.87,8.894652208
719,BOY_uh_Sp,2016,459,286.92,10.95913433
720,BOY_uh_Sp,2016,602,35.42,1.352894667
721,BOY_uh_Sp,2016,9002,320.53,12.24289463
722,BOY_uh_Sp,2016,9003,66.45,2.538109843
723,BOY_uh_Sp,2016,9007,6.19,0.236431903
724,BOY_uh_Sp,2016,9008,49.43,1.888017601
725,BOY_uh_Sp,2016,9012,212.38,8.112020595
726,BOY_uh_Sp,2016,9018,179.46,6.854615388
727,BOY_uh_Sp,2016,9020,215.52,8.231955357
728,BOY_uh_Sp,2016,9023,689.28,26.32758996
729,BOY_uh_Sp,2016,9024,0.08,0.003055663
730,BOY_uh_Sp,2016,9025,100.89,3.853572643
731,BOY_uh_Sp,2016,9029,4.15,0.158512503
732,BOY_uh_Sp,2017,115,84.02,3.209209767
733,BOY_uh_Sp,2017,121,13.5,0.515643083
734,BOY_uh_Sp,2017,131,88.12,3.365812482
735,BOY_uh_Sp,2017,171,72.6,2.773013915
736,BOY_uh_Sp,2017,411,194.45,7.427170189
737,BOY_uh_Sp,2017,459,297.29,11.35522461
738,BOY_uh_Sp,2017,602,25.33,0.967499207
739,BOY_uh_Sp,2017,9002,318.89,12.18025354
740,BOY_uh_Sp,2017,9003,66.45,2.538109843
741,BOY_uh_Sp,2017,9007,6.19,0.236431903
742,BOY_uh_Sp,2017,9008,49.43,1.888017601
743,BOY_uh_Sp,2017,9012,206.29,7.879408271
744,BOY_uh_Sp,2017,9018,175.96,6.720930144
745,BOY_uh_Sp,2017,9020,226.47,8.650199191
746,BOY_uh_Sp,2017,9023,687.98,26.27793544
747,BOY_uh_Sp,2017,9024,0.08,0.003055663
748,BOY_uh_Sp,2017,9025,100.89,3.853572643
749,BOY_uh_Sp,2017,9029,4.15,0.158512503
750,BOY_uh_Sp,2018,115,38,1.45143979
751,BOY_uh_Sp,2018,121,6.16,0.235286029
752,BOY_uh_Sp,2018,131,71.29,2.722977438
753,BOY_uh_Sp,2018,171,65.35,2.496094481
754,BOY_uh_Sp,2018,411,276.87,10.5752667
755,BOY_uh_Sp,2018,459,296.3,11.31741078
756,BOY_uh_Sp,2018,602,22.61,0.863606675
757,BOY_uh_Sp,2018,9002,318.36,12.16000978
758,BOY_uh_Sp,2018,9003,66.45,2.538109843
759,BOY_uh_Sp,2018,9007,6.19,0.236431903
760,BOY_uh_Sp,2018,9008,49.43,1.888017601
761,BOY_uh_Sp,2018,9012,210.7,8.047851678
762,BOY_uh_Sp,2018,9018,176.88,6.756070265
763,BOY_uh_Sp,2018,9020,220.14,8.408419879
764,BOY_uh_Sp,2018,9023,688.24,26.28786635
765,BOY_uh_Sp,2018,9024,0.08,0.003055663
766,BOY_uh_Sp,2018,9025,100.89,3.853572643
767,BOY_uh_Sp,2018,9029,4.15,0.158512503
768,BOY_uh_Sp,2019,115,40.75,1.556478196
769,BOY_uh_Sp,2019,121,11.07,0.422827328
770,BOY_uh_Sp,2019,131,85.08,3.249697298
771,BOY_uh_Sp,2019,171,56.7,2.16570095
772,BOY_uh_Sp,2019,411,261.77,9.998510364
773,BOY_uh_Sp,2019,459,300.27,11.46904805
774,BOY_uh_Sp,2019,602,26.91,1.027848546
775,BOY_uh_Sp,2019,9002,318.62,12.16994068
776,BOY_uh_Sp,2019,9003,66.45,2.538109843
777,BOY_uh_Sp,2019,9007,6.19,0.236431903
778,BOY_uh_Sp,2019,9008,49.43,1.888017601
779,BOY_uh_Sp,2019,9012,207.57,7.928298874
780,BOY_uh_Sp,2019,9018,177.07,6.763327464
781,BOY_uh_Sp,2019,9020,216.85,8.282755749
782,BOY_uh_Sp,2019,9023,688.24,26.28786635
783,BOY_uh_Sp,2019,9024,0.08,0.003055663
784,BOY_uh_Sp,2019,9025,100.89,3.853572643
785,BOY_uh_Sp,2019,9029,4.15,0.158512503
786,BOY_uh_Sp,2020,115,30.79,1.176048188
787,BOY_uh_Sp,2020,121,19.55,0.746727576
788,BOY_uh_Sp,2020,131,85.32,3.258864287
789,BOY_uh_Sp,2020,171,49.04,1.873121245
790,BOY_uh_Sp,2020,411,263.99,10.083305
791,BOY_uh_Sp,2020,459,306.33,11.7005145
792,BOY_uh_Sp,2020,602,26.08,0.996146045
793,BOY_uh_Sp,2020,9002,318.49,12.16497523
794,BOY_uh_Sp,2020,9003,66.45,2.538109843
795,BOY_uh_Sp,2020,9007,6.19,0.236431903
796,BOY_uh_Sp,2020,9008,48.82,1.864718172
797,BOY_uh_Sp,2020,9012,209.59,8.005454358
798,BOY_uh_Sp,2020,9018,172.74,6.597939719
799,BOY_uh_Sp,2020,9020,221.46,8.458838313
800,BOY_uh_Sp,2020,9023,687.54,26.2611293
801,BOY_uh_Sp,2020,9024,0.08,0.003055663
802,BOY_uh_Sp,2020,9025,101.48,3.876108155
803,BOY_uh_Sp,2020,9029,4.15,0.158512503
804,BOY_uh_Sp,2021,115,44.01,1.680996452
805,BOY_uh_Sp,2021,121,35.49,1.355568372
806,BOY_uh_Sp,2021,131,74.21,2.834509127
807,BOY_uh_Sp,2021,171,39.55,1.510643255
808,BOY_uh_Sp,2021,411,232.34,8.874408443
809,BOY_uh_Sp,2021,459,310.97,11.87774293
810,BOY_uh_Sp,2021,602,25.3,0.966353334
811,BOY_uh_Sp,2021,9002,318.13,12.15122475
812,BOY_uh_Sp,2021,9003,66.45,2.538109843
813,BOY_uh_Sp,2021,9007,6.19,0.236431903
814,BOY_uh_Sp,2021,9008,48.82,1.864718172
815,BOY_uh_Sp,2021,9012,208.13,7.949688513
816,BOY_uh_Sp,2021,9018,175.34,6.697248758
817,BOY_uh_Sp,2021,9020,240.15,9.172717515
818,BOY_uh_Sp,2021,9023,687.3,26.25196231
819,BOY_uh_Sp,2021,9024,0.08,0.003055663
820,BOY_uh_Sp,2021,9025,101.48,3.876108155
821,BOY_uh_Sp,2021,9029,4.15,0.158512503
822,BOY_uh_Sp,2022,115,34.95,1.334942649
823,BOY_uh_Sp,2022,121,26.33,1.005694991
824,BOY_uh_Sp,2022,131,122.76,4.688914438
825,BOY_uh_Sp,2022,171,66.3,2.532380476
826,BOY_uh_Sp,2022,411,371.78,14.20042856
827,BOY_uh_Sp,2022,459,465.41,17.77669981
828,BOY_uh_Sp,2022,602,37.47,1.431196025
829,BOY_uh_Sp,2022,9002,317.92,12.14320363
830,BOY_uh_Sp,2022,9003,66.44,2.537727886
831,BOY_uh_Sp,2022,9007,6.19,0.236431903
832,BOY_uh_Sp,2022,9008,48.82,1.864718172
833,BOY_uh_Sp,2022,9018,174.68,6.67203954
834,BOY_uh_Sp,2022,9020,86.21,3.292858534
835,BOY_uh_Sp,2022,9023,687.13,26.24546903
836,BOY_uh_Sp,2022,9024,0.08,0.003055663
837,BOY_uh_Sp,2022,9025,101.47,3.875726197
838,BOY_uh_Sp,2022,9029,4.15,0.158512503
839,BRA_ob,2016,115,7.3,3.627689708
840,BRA_ob,2016,131,21.6,10.73398599
841,BRA_ob,2016,411,21.99,10.92779407
842,BRA_ob,2016,459,17.64,8.766088555
843,BRA_ob,2016,602,8.14,4.045122497
844,BRA_ob,2016,9002,21.61,10.73895542
845,BRA_ob,2016,9003,16.18,8.040550614
846,BRA_ob,2016,9012,37.59,18.68011728
847,BRA_ob,2016,9020,11.7,5.814242409
848,BRA_ob,2016,9023,37.48,18.62545346
849,BRA_ob,2017,131,19.29,9.586045818
850,BRA_ob,2017,171,2.32,1.152909606
851,BRA_ob,2017,411,30.55,15.18163296
852,BRA_ob,2017,459,21.7,10.78368037
853,BRA_ob,2017,602,12.87,6.39566665
854,BRA_ob,2017,9002,21.61,10.73895542
855,BRA_ob,2017,9003,16.18,8.040550614
856,BRA_ob,2017,9012,31.47,15.63882125
857,BRA_ob,2017,9020,7.76,3.856283854
858,BRA_ob,2017,9023,37.48,18.62545346
859,BRA_ob,2018,115,5.12,2.544352234
860,BRA_ob,2018,121,2.21,1.098245788
861,BRA_ob,2018,131,9.44,4.691149431
862,BRA_ob,2018,171,7.19,3.573025891
863,BRA_ob,2018,411,28.68,14.25234806
864,BRA_ob,2018,459,21.52,10.69423048
865,BRA_ob,2018,602,3.6,1.788997664
866,BRA_ob,2018,9002,21.61,10.73895542
867,BRA_ob,2018,9003,16.18,8.040550614
868,BRA_ob,2018,9012,31.65,15.72827113
869,BRA_ob,2018,9020,16.55,8.224419818
870,BRA_ob,2018,9023,37.48,18.62545346
871,BRA_ob,2019,115,10.35,5.143368285
872,BRA_ob,2019,121,0.01,0.004969438
873,BRA_ob,2019,131,8.98,4.462555285
874,BRA_ob,2019,411,27.96,13.89454853
875,BRA_ob,2019,459,21.84,10.8532525
876,BRA_ob,2019,602,6.7,3.329523431
877,BRA_ob,2019,9002,21.61,10.73895542
878,BRA_ob,2019,9003,16.18,8.040550614
879,BRA_ob,2019,9012,31.33,15.56924912
880,BRA_ob,2019,9020,18.79,9.33757392
881,BRA_ob,2019,9023,37.48,18.62545346
882,BRA_ob,2020,115,5.92,2.94190727
883,BRA_ob,2020,121,0.82,0.407493912
884,BRA_ob,2020,131,5.2,2.584107737
885,BRA_ob,2020,171,4.48,2.226308205
886,BRA_ob,2020,411,23.93,11.89186503
887,BRA_ob,2020,459,21.66,10.76380261
888,BRA_ob,2020,602,18.04,8.964866074
889,BRA_ob,2020,9002,21.61,10.73895542
890,BRA_ob,2020,9003,16.18,8.040550614
891,BRA_ob,2020,9012,31.63,15.71833226
892,BRA_ob,2020,9020,14.28,7.096357402
893,BRA_ob,2020,9023,37.48,18.62545346
894,BRA_ob,2021,115,17.19,8.542463847
895,BRA_ob,2021,131,6.45,3.205287482
896,BRA_ob,2021,171,2.22,1.103215226
897,BRA_ob,2021,411,20.67,10.27182826
898,BRA_ob,2021,459,21.84,10.8532525
899,BRA_ob,2021,602,9.16,4.552005168
900,BRA_ob,2021,9002,21.61,10.73895542
901,BRA_ob,2021,9003,16.18,8.040550614
902,BRA_ob,2021,9012,31.45,15.62888237
903,BRA_ob,2021,9020,16.98,8.43810565
904,BRA_ob,2021,9023,37.48,18.62545346
905,BRA_ob,2022,115,6.75,3.354370621
906,BRA_ob,2022,131,22.89,11.37504348
907,BRA_ob,2022,171,0.26,0.129205387
908,BRA_ob,2022,411,42.57,21.15489738
909,BRA_ob,2022,459,41.03,20.38960394
910,BRA_ob,2022,602,4.7,2.33563584
911,BRA_ob,2022,9002,21.61,10.73895542
912,BRA_ob,2022,9003,16.18,8.040550614
913,BRA_ob,2022,9020,7.83,3.89106992
914,BRA_ob,2022,9023,37.41,18.5906674
915,BRA_oh_Bo,2016,115,38.47,4.616806279
916,BRA_oh_Bo,2016,121,2.13,0.255622495
917,BRA_oh_Bo,2016,131,45.11,5.413676404
918,BRA_oh_Bo,2016,171,46.12,5.53488707
919,BRA_oh_Bo,2016,411,122.39,14.68809255
920,BRA_oh_Bo,2016,459,110.11,13.21436286
921,BRA_oh_Bo,2016,602,25.08,3.009864868
922,BRA_oh_Bo,2016,9002,56.38,6.766195425
923,BRA_oh_Bo,2016,9003,16.18,1.941770876
924,BRA_oh_Bo,2016,9007,0.14,0.016801479
925,BRA_oh_Bo,2016,9012,126.2,15.14533279
926,BRA_oh_Bo,2016,9018,29.55,3.546312075
927,BRA_oh_Bo,2016,9020,133.12,15.97580587
928,BRA_oh_Bo,2016,9023,59.31,7.117826369
929,BRA_oh_Bo,2016,9024,0.08,0.009600845
930,BRA_oh_Bo,2016,9025,22.89,2.74704174
931,BRA_oh_Bo,2017,115,43.5,5.2204594
932,BRA_oh_Bo,2017,121,10.51,1.261310995
933,BRA_oh_Bo,2017,131,64.08,7.690276744
934,BRA_oh_Bo,2017,171,56.52,6.782996904
935,BRA_oh_Bo,2017,411,99.85,11.98305451
936,BRA_oh_Bo,2017,459,115.61,13.87442095
937,BRA_oh_Bo,2017,602,21.27,2.552624631
938,BRA_oh_Bo,2017,9002,56.38,6.766195425
939,BRA_oh_Bo,2017,9003,16.18,1.941770876
940,BRA_oh_Bo,2017,9007,0.14,0.016801479
941,BRA_oh_Bo,2017,9012,120.23,14.42886974
942,BRA_oh_Bo,2017,9018,29.29,3.51510933
943,BRA_oh_Bo,2017,9020,118.55,14.227252
944,BRA_oh_Bo,2017,9023,58.18,6.982214435
945,BRA_oh_Bo,2017,9024,0.08,0.009600845
946,BRA_oh_Bo,2017,9025,22.89,2.74704174
947,BRA_oh_Bo,2018,115,21.59,2.59102801
948,BRA_oh_Bo,2018,121,3.81,0.457240237
949,BRA_oh_Bo,2018,131,33.4,4.008352735
950,BRA_oh_Bo,2018,171,41.55,4.986438807
951,BRA_oh_Bo,2018,411,177.97,21.35827953
952,BRA_oh_Bo,2018,459,113.36,13.60439719
953,BRA_oh_Bo,2018,602,5.19,0.622854811
954,BRA_oh_Bo,2018,9002,56.38,6.766195425
955,BRA_oh_Bo,2018,9003,16.18,1.941770876
956,BRA_oh_Bo,2018,9007,0.14,0.016801479
957,BRA_oh_Bo,2018,9012,124.54,14.94611526
958,BRA_oh_Bo,2018,9018,29.41,3.529510597
959,BRA_oh_Bo,2018,9020,128.59,15.43215803
960,BRA_oh_Bo,2018,9023,58.18,6.982214435
961,BRA_oh_Bo,2018,9024,0.08,0.009600845
962,BRA_oh_Bo,2018,9025,22.89,2.74704174
963,BRA_oh_Bo,2019,115,29.03,3.483906584
964,BRA_oh_Bo,2019,121,8.73,1.047692197
965,BRA_oh_Bo,2019,131,45.73,5.488082951
966,BRA_oh_Bo,2019,171,38.5,4.620406596
967,BRA_oh_Bo,2019,411,144.66,17.36072774
968,BRA_oh_Bo,2019,459,117.65,14.11924249
969,BRA_oh_Bo,2019,602,15.14,1.816959892
970,BRA_oh_Bo,2019,9002,56.38,6.766195425
971,BRA_oh_Bo,2019,9003,16.18,1.941770876
972,BRA_oh_Bo,2019,9007,0.14,0.016801479
973,BRA_oh_Bo,2019,9012,122.53,14.70489403
974,BRA_oh_Bo,2019,9018,28.06,3.36749634
975,BRA_oh_Bo,2019,9020,129.38,15.52696637
976,BRA_oh_Bo,2019,9023,58.18,6.982214435
977,BRA_oh_Bo,2019,9024,0.08,0.009600845
978,BRA_oh_Bo,2019,9025,22.89,2.74704174
979,BRA_oh_Bo,2020,115,18.21,2.185392315
980,BRA_oh_Bo,2020,121,12.19,1.462928738
981,BRA_oh_Bo,2020,131,42.56,5.107649473
982,BRA_oh_Bo,2020,171,34.11,4.093560233
983,BRA_oh_Bo,2020,411,159.89,19.18848859
984,BRA_oh_Bo,2020,459,120.06,14.40846795
985,BRA_oh_Bo,2020,602,21.12,2.534623047
986,BRA_oh_Bo,2020,9002,56.38,6.766195425
987,BRA_oh_Bo,2020,9003,16.18,1.941770876
988,BRA_oh_Bo,2020,9007,0.14,0.016801479
989,BRA_oh_Bo,2020,9012,124.35,14.92331325
990,BRA_oh_Bo,2020,9018,24.68,2.961860644
991,BRA_oh_Bo,2020,9020,121.11,14.53447903
992,BRA_oh_Bo,2020,9023,59.31,7.117826369
993,BRA_oh_Bo,2020,9024,0.08,0.009600845
994,BRA_oh_Bo,2020,9025,22.89,2.74704174
995,BRA_oh_Bo,2021,115,34.95,4.194369104
996,BRA_oh_Bo,2021,121,27.78,3.333893383
997,BRA_oh_Bo,2021,131,46.63,5.596092456
998,BRA_oh_Bo,2021,171,24.3,2.916256631
999,BRA_oh_Bo,2021,411,133.84,16.06221347
1000,BRA_oh_Bo,2021,459,122.76,14.73249646
1001,BRA_oh_Bo,2021,602,16.73,2.007776684
1002,BRA_oh_Bo,2021,9002,56.38,6.766195425
1003,BRA_oh_Bo,2021,9003,16.18,1.941770876
1004,BRA_oh_Bo,2021,9007,0.14,0.016801479
1005,BRA_oh_Bo,2021,9012,123.33,14.80090248
1006,BRA_oh_Bo,2021,9018,24.62,2.95466001
1007,BRA_oh_Bo,2021,9020,123.58,14.83090512
1008,BRA_oh_Bo,2021,9023,59.07,7.089023834
1009,BRA_oh_Bo,2021,9024,0.08,0.009600845
1010,BRA_oh_Bo,2021,9025,22.89,2.74704174
1011,BRA_oh_Bo,2022,115,15.04,1.804958836
1012,BRA_oh_Bo,2022,121,14.94,1.79295778
1013,BRA_oh_Bo,2022,131,65.5,7.860691741
1014,BRA_oh_Bo,2022,171,55.04,6.605381274
1015,BRA_oh_Bo,2022,411,247.86,29.74581763
1016,BRA_oh_Bo,2022,459,206.5,24.78218083
1017,BRA_oh_Bo,2022,602,11.59,1.390922401
1018,BRA_oh_Bo,2022,9002,56.36,6.763795214
1019,BRA_oh_Bo,2022,9003,16.18,1.941770876
1020,BRA_oh_Bo,2022,9007,0.14,0.016801479
1021,BRA_oh_Bo,2022,9018,24.41,2.929457792
1022,BRA_oh_Bo,2022,9020,37.74,4.529198569
1023,BRA_oh_Bo,2022,9023,59,7.080623095
1024,BRA_oh_Bo,2022,9024,0.08,0.009600845
1025,BRA_oh_Bo,2022,9025,22.88,2.745841634
1026,HAA_ob,2016,131,3.49,0.73684655
1027,HAA_ob,2016,411,32.18,6.79418968
1028,HAA_ob,2016,459,20.9,4.412634068
1029,HAA_ob,2016,602,1.68,0.354699772
1030,HAA_ob,2016,9002,348.07,73.48830335
1031,HAA_ob,2016,9003,13.69,2.89038088
1032,HAA_ob,2016,9010,4.89,1.032429693
1033,HAA_ob,2016,9012,33.02,6.971539566
1034,HAA_ob,2016,9020,11.7,2.470230555
1035,HAA_ob,2016,9023,4.02,0.848745883
1036,HAA_ob,2017,115,7.85,1.657376911
1037,HAA_ob,2017,131,10.62,2.242209273
1038,HAA_ob,2017,171,0.08,0.016890465
1039,HAA_ob,2017,411,25.22,5.324719196
1040,HAA_ob,2017,459,20.9,4.412634068
1041,HAA_ob,2017,9002,348.07,73.48830335
1042,HAA_ob,2017,9003,13.69,2.89038088
1043,HAA_ob,2017,9010,4.89,1.032429693
1044,HAA_ob,2017,9012,33.02,6.971539566
1045,HAA_ob,2017,9020,5.28,1.114770712
1046,HAA_ob,2017,9023,4.02,0.848745883
1047,HAA_ob,2018,115,5.22,1.102102863
1048,HAA_ob,2018,131,11.86,2.504011486
1049,HAA_ob,2018,411,20.65,4.359851364
1050,HAA_ob,2018,459,20.9,4.412634068
1051,HAA_ob,2018,602,0.46,0.097120176
1052,HAA_ob,2018,9002,348.07,73.48830335
1053,HAA_ob,2018,9003,13.69,2.89038088
1054,HAA_ob,2018,9010,4.89,1.032429693
1055,HAA_ob,2018,9012,33.11,6.990541339
1056,HAA_ob,2018,9020,10.77,2.273878895
1057,HAA_ob,2018,9023,4.02,0.848745883
1058,HAA_ob,2019,115,5.19,1.095768938
1059,HAA_ob,2019,131,10.76,2.271767587
1060,HAA_ob,2019,411,31.61,6.673845114
1061,HAA_ob,2019,459,20.9,4.412634068
1062,HAA_ob,2019,9002,348.07,73.48830335
1063,HAA_ob,2019,9003,13.69,2.89038088
1064,HAA_ob,2019,9010,4.89,1.032429693
1065,HAA_ob,2019,9012,33.11,6.990541339
1066,HAA_ob,2019,9020,1.4,0.295583143
1067,HAA_ob,2019,9023,4.02,0.848745883
1068,HAA_ob,2020,131,6.31,1.332235453
1069,HAA_ob,2020,171,0.08,0.016890465
1070,HAA_ob,2020,411,36.46,7.697829575
1071,HAA_ob,2020,459,20.85,4.402077527
1072,HAA_ob,2020,602,4.71,0.994426146
1073,HAA_ob,2020,9002,348.12,73.49885989
1074,HAA_ob,2020,9003,13.69,2.89038088
1075,HAA_ob,2020,9010,4.89,1.032429693
1076,HAA_ob,2020,9012,33.28,7.026433578
1077,HAA_ob,2020,9020,1.23,0.259690904
1078,HAA_ob,2020,9023,4.02,0.848745883
1079,HAA_ob,2021,121,13.3,2.808039861
1080,HAA_ob,2021,131,15.89,3.354868677
1081,HAA_ob,2021,171,0.08,0.016890465
1082,HAA_ob,2021,411,12.18,2.571573347
1083,HAA_ob,2021,459,20.85,4.402077527
1084,HAA_ob,2021,9002,348.12,73.49885989
1085,HAA_ob,2021,9003,13.69,2.89038088
1086,HAA_ob,2021,9010,4.89,1.032429693
1087,HAA_ob,2021,9012,33.28,7.026433578
1088,HAA_ob,2021,9020,7.34,1.549700194
1089,HAA_ob,2021,9023,4.02,0.848745883
1090,HAA_ob,2022,121,1.68,0.354699772
1091,HAA_ob,2022,131,4.4,0.928975593
1092,HAA_ob,2022,411,48.79,10.30107254
1093,HAA_ob,2022,459,45.99,9.709906258
1094,HAA_ob,2022,602,1.99,0.420150325
1095,HAA_ob,2022,9002,348.12,73.49885989
1096,HAA_ob,2022,9003,13.69,2.89038088
1097,HAA_ob,2022,9010,4.89,1.032429693
1098,HAA_ob,2022,9020,0.07,0.014779157
1099,HAA_ob,2022,9023,4.02,0.848745883
1100,HAA_un,2016,115,12.48,1.703265958
1101,HAA_un,2016,131,7.44,1.015408552
1102,HAA_un,2016,171,6.26,0.854362572
1103,HAA_un,2016,411,32.18,4.391914946
1104,HAA_un,2016,459,37.82,5.161660138
1105,HAA_un,2016,602,1.68,0.229285802
1106,HAA_un,2016,9002,446.82,60.98183456
1107,HAA_un,2016,9003,90.64,12.37051494
1108,HAA_un,2016,9010,33.22,4.533853776
1109,HAA_un,2016,9012,39.72,5.420971462
1110,HAA_un,2016,9018,5.63,0.768380396
1111,HAA_un,2016,9020,14.19,1.936646149
1112,HAA_un,2016,9023,4.63,0.631900752
1113,HAA_un,2017,115,10.15,1.385268387
1114,HAA_un,2017,131,17.13,2.337896303
1115,HAA_un,2017,171,0.18,0.024566336
1116,HAA_un,2017,411,36.62,4.997884566
1117,HAA_un,2017,459,38.82,5.298139782
1118,HAA_un,2017,9002,446.82,60.98183456
1119,HAA_un,2017,9003,90.64,12.37051494
1120,HAA_un,2017,9010,33.22,4.533853776
1121,HAA_un,2017,9012,39.72,5.420971462
1122,HAA_un,2017,9018,5.54,0.756097228
1123,HAA_un,2017,9020,9.24,1.261071911
1124,HAA_un,2017,9023,4.63,0.631900752
1125,HAA_un,2018,115,5.22,0.712423742
1126,HAA_un,2018,131,25.5,3.480230924
1127,HAA_un,2018,411,23.89,3.260498697
1128,HAA_un,2018,459,37.59,5.13026982
1129,HAA_un,2018,602,0.46,0.062780636
1130,HAA_un,2018,9002,446.82,60.98183456
1131,HAA_un,2018,9003,90.64,12.37051494
1132,HAA_un,2018,9010,33.22,4.533853776
1133,HAA_un,2018,9012,40.77,5.564275088
1134,HAA_un,2018,9018,5.87,0.801135511
1135,HAA_un,2018,9020,18.1,2.470281558
1136,HAA_un,2018,9023,4.63,0.631900752
1137,HAA_un,2019,115,5.19,0.708329353
1138,HAA_un,2019,121,2.3,0.313903181
1139,HAA_un,2019,131,13.9,1.897067052
1140,HAA_un,2019,411,42.95,5.861800712
1141,HAA_un,2019,459,37.24,5.082501945
1142,HAA_un,2019,9002,446.92,60.99548252
1143,HAA_un,2019,9003,90.64,12.37051494
1144,HAA_un,2019,9010,33.99,4.638943102
1145,HAA_un,2019,9012,41.17,5.618866946
1146,HAA_un,2019,9018,5.45,0.74381406
1147,HAA_un,2019,9020,8.33,1.136875435
1148,HAA_un,2019,9023,4.63,0.631900752
1149,HAA_un,2020,121,2.3,0.313903181
1150,HAA_un,2020,131,15.29,2.086773758
1151,HAA_un,2020,171,0.08,0.010918372
1152,HAA_un,2020,411,39.6,5.404593905
1153,HAA_un,2020,459,36.87,5.032004477
1154,HAA_un,2020,602,4.71,0.642819124
1155,HAA_un,2020,9002,446.97,61.00230651
1156,HAA_un,2020,9003,90.64,12.37051494
1157,HAA_un,2020,9010,33.99,4.638943102
1158,HAA_un,2020,9012,41.47,5.659810839
1159,HAA_un,2020,9018,5.74,0.783393157
1160,HAA_un,2020,9020,10.42,1.422117891
1161,HAA_un,2020,9023,4.63,0.631900752
1162,HAA_un,2021,121,13.3,1.815179266
1163,HAA_un,2021,131,21.2,2.893368454
1164,HAA_un,2021,171,0.08,0.010918372
1165,HAA_un,2021,411,21.17,2.889274065
1166,HAA_un,2021,459,42.12,5.748522608
1167,HAA_un,2021,602,2.3,0.313903181
1168,HAA_un,2021,9002,446.38,60.92178352
1169,HAA_un,2021,9003,90.64,12.37051494
1170,HAA_un,2021,9010,33.41,4.559784908
1171,HAA_un,2021,9012,41.45,5.657081246
1172,HAA_un,2021,9018,5.73,0.78202836
1173,HAA_un,2021,9020,10.3,1.405740334
1174,HAA_un,2021,9023,4.63,0.631900752
1175,HAA_un,2022,121,5.74,0.783393157
1176,HAA_un,2022,131,11.54,1.574975092
1177,HAA_un,2022,411,54.17,7.393102319
1178,HAA_un,2022,459,76.78,10.47890707
1179,HAA_un,2022,602,1.99,0.271594492
1180,HAA_un,2022,9002,446.38,60.92178352
1181,HAA_un,2022,9003,90.64,12.37051494
1182,HAA_un,2022,9010,33.41,4.559784908
1183,HAA_un,2022,9018,5.73,0.78202836
1184,HAA_un,2022,9020,1.7,0.232015395
1185,HAA_un,2022,9023,4.63,0.631900752
1186,KIR_ob,2016,411,0.04,0.009274717
1187,KIR_ob,2016,459,1.54,0.357076609
1188,KIR_ob,2016,9001,17.35,4.022908551
1189,KIR_ob,2016,9002,368.73,85.4966611
1190,KIR_ob,2016,9010,25.22,5.847709145
1191,KIR_ob,2016,9011,16.83,3.902337229
1192,KIR_ob,2016,9012,0.04,0.009274717
1193,KIR_ob,2016,9023,1.53,0.35475793
1194,KIR_ob,2017,411,0.04,0.009274717
1195,KIR_ob,2017,459,1.54,0.357076609
1196,KIR_ob,2017,9001,17.35,4.022908551
1197,KIR_ob,2017,9002,368.73,85.4966611
1198,KIR_ob,2017,9010,25.22,5.847709145
1199,KIR_ob,2017,9011,16.83,3.902337229
1200,KIR_ob,2017,9012,0.04,0.009274717
1201,KIR_ob,2017,9023,1.53,0.35475793
1202,KIR_ob,2018,411,0.04,0.009274717
1203,KIR_ob,2018,459,1.54,0.357076609
1204,KIR_ob,2018,9001,17.35,4.022908551
1205,KIR_ob,2018,9002,368.73,85.4966611
1206,KIR_ob,2018,9010,25.22,5.847709145
1207,KIR_ob,2018,9011,16.83,3.902337229
1208,KIR_ob,2018,9012,0.04,0.009274717
1209,KIR_ob,2018,9023,1.53,0.35475793
1210,KIR_ob,2019,411,0.04,0.009274717
1211,KIR_ob,2019,459,8.62,1.99870154
1212,KIR_ob,2019,9001,17.35,4.022908551
1213,KIR_ob,2019,9002,361.65,83.85503617
1214,KIR_ob,2019,9010,25.22,5.847709145
1215,KIR_ob,2019,9011,16.83,3.902337229
1216,KIR_ob,2019,9012,0.04,0.009274717
1217,KIR_ob,2019,9023,1.53,0.35475793
1218,KIR_ob,2020,411,0.04,0.009274717
1219,KIR_ob,2020,459,8.62,1.99870154
1220,KIR_ob,2020,9001,17.35,4.022908551
1221,KIR_ob,2020,9002,361.65,83.85503617
1222,KIR_ob,2020,9010,25.22,5.847709145
1223,KIR_ob,2020,9011,16.83,3.902337229
1224,KIR_ob,2020,9012,0.04,0.009274717
1225,KIR_ob,2020,9023,1.53,0.35475793
1226,KIR_ob,2021,121,0.04,0.009274717
1227,KIR_ob,2021,459,8.62,1.99870154
1228,KIR_ob,2021,9001,17.35,4.022908551
1229,KIR_ob,2021,9002,361.65,83.85503617
1230,KIR_ob,2021,9010,25.22,5.847709145
1231,KIR_ob,2021,9011,16.83,3.902337229
1232,KIR_ob,2021,9012,0.04,0.009274717
1233,KIR_ob,2021,9023,1.53,0.35475793
1234,KIR_ob,2022,411,0.04,0.009274717
1235,KIR_ob,2022,459,8.62,1.99870154
1236,KIR_ob,2022,9001,17.35,4.022908551
1237,KIR_ob,2022,9002,361.65,83.85503617
1238,KIR_ob,2022,9010,25.22,5.847709145
1239,KIR_ob,2022,9011,16.83,3.902337229
1240,KIR_ob,2022,9020,0.04,0.009274717
1241,KIR_ob,2022,9023,1.53,0.35475793
1242,KIR_un,2016,411,0.04,0.008938747
1243,KIR_un,2016,459,1.54,0.344141769
1244,KIR_un,2016,9001,17.35,3.877181613
1245,KIR_un,2016,9002,384.94,86.02203401
1246,KIR_un,2016,9010,25.22,5.635880131
1247,KIR_un,2016,9011,16.83,3.760977899
1248,KIR_un,2016,9012,0.04,0.008938747
1249,KIR_un,2016,9023,1.53,0.341907082
1250,KIR_un,2017,411,0.04,0.008938747
1251,KIR_un,2017,459,1.54,0.344141769
1252,KIR_un,2017,9001,17.35,3.877181613
1253,KIR_un,2017,9002,384.94,86.02203401
1254,KIR_un,2017,9010,25.22,5.635880131
1255,KIR_un,2017,9011,16.83,3.760977899
1256,KIR_un,2017,9012,0.04,0.008938747
1257,KIR_un,2017,9023,1.53,0.341907082
1258,KIR_un,2018,411,0.04,0.008938747
1259,KIR_un,2018,459,1.54,0.344141769
1260,KIR_un,2018,9001,17.35,3.877181613
1261,KIR_un,2018,9002,384.94,86.02203401
1262,KIR_un,2018,9010,25.22,5.635880131
1263,KIR_un,2018,9011,16.83,3.760977899
1264,KIR_un,2018,9012,0.04,0.008938747
1265,KIR_un,2018,9023,1.53,0.341907082
1266,KIR_un,2019,411,0.04,0.008938747
1267,KIR_un,2019,459,8.62,1.926300029
1268,KIR_un,2019,9001,17.35,3.877181613
1269,KIR_un,2019,9002,377.86,84.43987575
1270,KIR_un,2019,9010,25.22,5.635880131
1271,KIR_un,2019,9011,16.83,3.760977899
1272,KIR_un,2019,9012,0.04,0.008938747
1273,KIR_un,2019,9023,1.53,0.341907082
1274,KIR_un,2020,411,0.04,0.008938747
1275,KIR_un,2020,459,8.62,1.926300029
1276,KIR_un,2020,9001,17.35,3.877181613
1277,KIR_un,2020,9002,377.86,84.43987575
1278,KIR_un,2020,9010,25.22,5.635880131
1279,KIR_un,2020,9011,16.83,3.760977899
1280,KIR_un,2020,9012,0.04,0.008938747
1281,KIR_un,2020,9023,1.53,0.341907082
1282,KIR_un,2021,121,0.04,0.008938747
1283,KIR_un,2021,459,8.62,1.926300029
1284,KIR_un,2021,9001,17.35,3.877181613
1285,KIR_un,2021,9002,377.86,84.43987575
1286,KIR_un,2021,9010,25.22,5.635880131
1287,KIR_un,2021,9011,16.83,3.760977899
1288,KIR_un,2021,9012,0.04,0.008938747
1289,KIR_un,2021,9023,1.53,0.341907082
1290,KIR_un,2022,411,0.04,0.008938747
1291,KIR_un,2022,459,8.62,1.926300029
1292,KIR_un,2022,9001,17.35,3.877181613
1293,KIR_un,2022,9002,377.86,84.43987575
1294,KIR_un,2022,9010,25.22,5.635880131
1295,KIR_un,2022,9011,16.83,3.760977899
1296,KIR_un,2022,9020,0.04,0.008938747
1297,KIR_un,2022,9023,1.53,0.341907082
1298,NAT_oh_Bo,2016,115,11.16,1.109564526
1299,NAT_oh_Bo,2016,121,8.61,0.856034997
1300,NAT_oh_Bo,2016,131,30.03,2.985683038
1301,NAT_oh_Bo,2016,411,28.89,2.872340426
1302,NAT_oh_Bo,2016,459,42.81,4.256313382
1303,NAT_oh_Bo,2016,602,17.92,1.781666335
1304,NAT_oh_Bo,2016,9001,58.62,5.828196461
1305,NAT_oh_Bo,2016,9002,521.77,51.87611851
1306,NAT_oh_Bo,2016,9003,1.49,0.148140783
1307,NAT_oh_Bo,2016,9008,13.98,1.389938358
1308,NAT_oh_Bo,2016,9012,26.59,2.643666733
1309,NAT_oh_Bo,2016,9018,2.93,0.2913104
1310,NAT_oh_Bo,2016,9020,9.11,0.905746669
1311,NAT_oh_Bo,2016,9021,139.16,13.83575263
1312,NAT_oh_Bo,2016,9023,92.73,9.219526745
1313,NAT_oh_Bo,2017,115,10.23,1.017100815
1314,NAT_oh_Bo,2017,121,6.95,0.690992245
1315,NAT_oh_Bo,2017,131,16.26,1.616623583
1316,NAT_oh_Bo,2017,411,51.18,5.088486777
1317,NAT_oh_Bo,2017,459,42.81,4.256313382
1318,NAT_oh_Bo,2017,602,13.96,1.387949891
1319,NAT_oh_Bo,2017,9001,58.62,5.828196461
1320,NAT_oh_Bo,2017,9002,521.77,51.87611851
1321,NAT_oh_Bo,2017,9003,1.49,0.148140783
1322,NAT_oh_Bo,2017,9008,13.98,1.389938358
1323,NAT_oh_Bo,2017,9012,26.53,2.637701332
1324,NAT_oh_Bo,2017,9018,2.93,0.2913104
1325,NAT_oh_Bo,2017,9020,7.2,0.715848081
1326,NAT_oh_Bo,2017,9021,139.16,13.83575263
1327,NAT_oh_Bo,2017,9023,92.73,9.219526745
1328,NAT_oh_Bo,2018,115,19.3,1.918870551
1329,NAT_oh_Bo,2018,121,4.63,0.460330086
1330,NAT_oh_Bo,2018,131,14.83,1.4744482
1331,NAT_oh_Bo,2018,171,7.26,0.721813482
1332,NAT_oh_Bo,2018,411,33.47,3.327699344
1333,NAT_oh_Bo,2018,459,42.35,4.210578644
1334,NAT_oh_Bo,2018,602,6.83,0.679061444
1335,NAT_oh_Bo,2018,9001,58.62,5.828196461
1336,NAT_oh_Bo,2018,9002,522.14,51.91290515
1337,NAT_oh_Bo,2018,9003,1.49,0.148140783
1338,NAT_oh_Bo,2018,9008,13.98,1.389938358
1339,NAT_oh_Bo,2018,9012,26.6,2.644660966
1340,NAT_oh_Bo,2018,9018,2.93,0.2913104
1341,NAT_oh_Bo,2018,9020,19.31,1.919864784
1342,NAT_oh_Bo,2018,9021,139.33,13.8526546
1343,NAT_oh_Bo,2018,9023,92.73,9.219526745
1344,NAT_oh_Bo,2019,115,19.44,1.932789819
1345,NAT_oh_Bo,2019,121,1.57,0.156094651
1346,NAT_oh_Bo,2019,131,12.96,1.288526546
1347,NAT_oh_Bo,2019,411,42.96,4.271226884
1348,NAT_oh_Bo,2019,459,42.36,4.211572877
1349,NAT_oh_Bo,2019,602,11.03,1.096639491
1350,NAT_oh_Bo,2019,9001,58.62,5.828196461
1351,NAT_oh_Bo,2019,9002,521.9,51.88904355
1352,NAT_oh_Bo,2019,9003,1.49,0.148140783
1353,NAT_oh_Bo,2019,9008,13.98,1.389938358
1354,NAT_oh_Bo,2019,9012,27.05,2.689401471
1355,NAT_oh_Bo,2019,9018,2.93,0.2913104
1356,NAT_oh_Bo,2019,9020,17.58,1.747862398
1357,NAT_oh_Bo,2019,9021,139.2,13.83972957
1358,NAT_oh_Bo,2019,9023,92.73,9.219526745
1359,NAT_oh_Bo,2020,115,8.78,0.872936966
1360,NAT_oh_Bo,2020,121,6.37,0.633326705
1361,NAT_oh_Bo,2020,131,13.74,1.366076755
1362,NAT_oh_Bo,2020,411,48.18,4.790216743
1363,NAT_oh_Bo,2020,459,42.1,4.185722808
1364,NAT_oh_Bo,2020,602,11.45,1.138397296
1365,NAT_oh_Bo,2020,9001,58.62,5.828196461
1366,NAT_oh_Bo,2020,9002,521.9,51.88904355
1367,NAT_oh_Bo,2020,9003,1.49,0.148140783
1368,NAT_oh_Bo,2020,9008,13.98,1.389938358
1369,NAT_oh_Bo,2020,9012,27.13,2.697355339
1370,NAT_oh_Bo,2020,9018,2.93,0.2913104
1371,NAT_oh_Bo,2020,9020,17.02,1.692185325
1372,NAT_oh_Bo,2020,9021,139.38,13.85762577
1373,NAT_oh_Bo,2020,9023,92.73,9.219526745
1374,NAT_oh_Bo,2021,115,5.3,0.526943726
1375,NAT_oh_Bo,2021,121,9.8,0.974348777
1376,NAT_oh_Bo,2021,131,24.41,2.426923842
1377,NAT_oh_Bo,2021,411,38.42,3.8198449
1378,NAT_oh_Bo,2021,459,43.78,4.352754027
1379,NAT_oh_Bo,2021,602,16.08,1.598727381
1380,NAT_oh_Bo,2021,9001,58.62,5.828196461
1381,NAT_oh_Bo,2021,9002,521.9,51.88904355
1382,NAT_oh_Bo,2021,9003,1.49,0.148140783
1383,NAT_oh_Bo,2021,9008,13.98,1.389938358
1384,NAT_oh_Bo,2021,9012,27.13,2.697355339
1385,NAT_oh_Bo,2021,9018,2.93,0.2913104
1386,NAT_oh_Bo,2021,9020,11.27,1.120501094
1387,NAT_oh_Bo,2021,9021,138.23,13.74328892
1388,NAT_oh_Bo,2021,9023,92.46,9.192682442
1389,NAT_oh_Bo,2022,115,18.85,1.874130046
1390,NAT_oh_Bo,2022,121,23.54,2.340425532
1391,NAT_oh_Bo,2022,131,18.27,1.816464506
1392,NAT_oh_Bo,2022,411,51.05,5.075561742
1393,NAT_oh_Bo,2022,459,112.7,11.20501094
1394,NAT_oh_Bo,2022,602,16.63,1.653410221
1395,NAT_oh_Bo,2022,9001,58.62,5.828196461
1396,NAT_oh_Bo,2022,9002,521.8,51.87910121
1397,NAT_oh_Bo,2022,9003,1.49,0.148140783
1398,NAT_oh_Bo,2022,9008,13.98,1.389938358
1399,NAT_oh_Bo,2022,9012,0.03,0.0029827
1400,NAT_oh_Bo,2022,9018,2.85,0.283356532
1401,NAT_oh_Bo,2022,9020,67.74,6.734937363
1402,NAT_oh_Bo,2022,9021,5.79,0.575661165
1403,NAT_oh_Bo,2022,9023,92.46,9.192682442
1404,Qu_oh_Bo,2016,115,2.4,0.720374595
1405,Qu_oh_Bo,2016,131,5.68,1.704886541
1406,Qu_oh_Bo,2016,171,20.52,6.159202785
1407,Qu_oh_Bo,2016,411,26.94,8.086204827
1408,Qu_oh_Bo,2016,459,12.6,3.781966623
1409,Qu_oh_Bo,2016,602,7.41,2.224156561
1410,Qu_oh_Bo,2016,9002,119.6,35.89866731
1411,Qu_oh_Bo,2016,9003,35.63,10.69456117
1412,Qu_oh_Bo,2016,9012,26.25,7.879097131
1413,Qu_oh_Bo,2016,9020,29.95,8.989674631
1414,Qu_oh_Bo,2016,9023,46.18,13.86120783
1415,Qu_oh_Bo,2017,115,25.11,7.536919198
1416,Qu_oh_Bo,2017,131,4.83,1.449753872
1417,Qu_oh_Bo,2017,171,5.33,1.599831913
1418,Qu_oh_Bo,2017,411,19.39,5.820026414
1419,Qu_oh_Bo,2017,459,15.43,4.631408332
1420,Qu_oh_Bo,2017,9002,119.6,35.89866731
1421,Qu_oh_Bo,2017,9003,35.63,10.69456117
1422,Qu_oh_Bo,2017,9012,25.06,7.521911394
1423,Qu_oh_Bo,2017,9020,36.6,10.98571257
1424,Qu_oh_Bo,2017,9023,46.18,13.86120783
1425,Qu_oh_Bo,2018,131,19.81,5.946091968
1426,Qu_oh_Bo,2018,171,18.9,5.672949934
1427,Qu_oh_Bo,2018,411,15.4,4.62240365
1428,Qu_oh_Bo,2018,459,15.41,4.625405211
1429,Qu_oh_Bo,2018,602,5.82,1.746908392
1430,Qu_oh_Bo,2018,9002,119.6,35.89866731
1431,Qu_oh_Bo,2018,9003,35.63,10.69456117
1432,Qu_oh_Bo,2018,9012,24.95,7.488894225
1433,Qu_oh_Bo,2018,9020,31.46,9.442910313
1434,Qu_oh_Bo,2018,9023,46.18,13.86120783
1435,Qu_oh_Bo,2019,115,4.36,1.308680514
1436,Qu_oh_Bo,2019,131,17.51,5.255732981
1437,Qu_oh_Bo,2019,171,7.68,2.305198703
1438,Qu_oh_Bo,2019,411,26.97,8.095209509
1439,Qu_oh_Bo,2019,459,15.41,4.625405211
1440,Qu_oh_Bo,2019,602,7.66,2.299195582
1441,Qu_oh_Bo,2019,9002,119.6,35.89866731
1442,Qu_oh_Bo,2019,9003,35.63,10.69456117
1443,Qu_oh_Bo,2019,9012,24.95,7.488894225
1444,Qu_oh_Bo,2019,9020,27.21,8.167246968
1445,Qu_oh_Bo,2019,9023,46.18,13.86120783
1446,Qu_oh_Bo,2020,121,2.35,0.705366791
1447,Qu_oh_Bo,2020,131,17.58,5.276743907
1448,Qu_oh_Bo,2020,171,7.62,2.287189338
1449,Qu_oh_Bo,2020,411,27.61,8.287309401
1450,Qu_oh_Bo,2020,459,15.38,4.616400528
1451,Qu_oh_Bo,2020,602,4.81,1.44375075
1452,Qu_oh_Bo,2020,9002,119.42,35.84463921
1453,Qu_oh_Bo,2020,9003,35.63,10.69456117
1454,Qu_oh_Bo,2020,9012,24.85,7.458878617
1455,Qu_oh_Bo,2020,9020,31.73,9.523952455
1456,Qu_oh_Bo,2020,9023,46.18,13.86120783
1457,Qu_oh_Bo,2021,131,14.92,4.478328731
1458,Qu_oh_Bo,2021,171,8.12,2.437267379
1459,Qu_oh_Bo,2021,411,11.37,3.412774643
1460,Qu_oh_Bo,2021,459,16.69,5.009604995
1461,Qu_oh_Bo,2021,602,7.88,2.36522992
1462,Qu_oh_Bo,2021,9002,118.67,35.61952215
1463,Qu_oh_Bo,2021,9003,35.63,10.69456117
1464,Qu_oh_Bo,2021,9012,24.85,7.458878617
1465,Qu_oh_Bo,2021,9020,48.85,14.66262456
1466,Qu_oh_Bo,2021,9023,46.18,13.86120783
1467,Qu_oh_Bo,2022,115,15.24,4.574378677
1468,Qu_oh_Bo,2022,131,14.27,4.283227278
1469,Qu_oh_Bo,2022,171,0.85,0.255132669
1470,Qu_oh_Bo,2022,411,29.42,8.830591908
1471,Qu_oh_Bo,2022,459,36.78,11.03974067
1472,Qu_oh_Bo,2022,602,19.82,5.949093529
1473,Qu_oh_Bo,2022,9002,118.64,35.61051747
1474,Qu_oh_Bo,2022,9003,35.63,10.69456117
1475,Qu_oh_Bo,2022,9020,16.36,4.910553488
1476,Qu_oh_Bo,2022,9023,46.15,13.85220315
1477,SCH_oh_Vo,2016,459,1.8,0.923361034
1478,SCH_oh_Vo,2016,9001,4.9,2.513593926
1479,SCH_oh_Vo,2016,9002,86.99,44.62398687
1480,SCH_oh_Vo,2016,9012,1.22,0.62583359
1481,SCH_oh_Vo,2016,9020,3.91,2.005745358
1482,SCH_oh_Vo,2016,9023,96.12,49.30747922
1483,SCH_oh_Vo,2017,459,1.8,0.923361034
1484,SCH_oh_Vo,2017,9001,4.9,2.513593926
1485,SCH_oh_Vo,2017,9002,86.99,44.62398687
1486,SCH_oh_Vo,2017,9012,1.22,0.62583359
1487,SCH_oh_Vo,2017,9020,3.91,2.005745358
1488,SCH_oh_Vo,2017,9023,96.12,49.30747922
1489,SCH_oh_Vo,2018,459,1.8,0.923361034
1490,SCH_oh_Vo,2018,9001,4.9,2.513593926
1491,SCH_oh_Vo,2018,9002,86.99,44.62398687
1492,SCH_oh_Vo,2018,9012,1.22,0.62583359
1493,SCH_oh_Vo,2018,9020,3.91,2.005745358
1494,SCH_oh_Vo,2018,9023,96.12,49.30747922
1495,SCH_oh_Vo,2019,459,1.8,0.923361034
1496,SCH_oh_Vo,2019,9001,4.9,2.513593926
1497,SCH_oh_Vo,2019,9002,86.99,44.62398687
1498,SCH_oh_Vo,2019,9012,1.22,0.62583359
1499,SCH_oh_Vo,2019,9020,3.91,2.005745358
1500,SCH_oh_Vo,2019,9023,96.12,49.30747922
1501,SCH_oh_Vo,2020,459,1.8,0.923361034
1502,SCH_oh_Vo,2020,9001,4.9,2.513593926
1503,SCH_oh_Vo,2020,9002,86.99,44.62398687
1504,SCH_oh_Vo,2020,9012,1.22,0.62583359
1505,SCH_oh_Vo,2020,9020,3.91,2.005745358
1506,SCH_oh_Vo,2020,9023,96.12,49.30747922
1507,SCH_oh_Vo,2021,459,1.8,0.923361034
1508,SCH_oh_Vo,2021,9001,4.9,2.513593926
1509,SCH_oh_Vo,2021,9002,86.99,44.62398687
1510,SCH_oh_Vo,2021,9012,1.22,0.62583359
1511,SCH_oh_Vo,2021,9020,3.91,2.005745358
1512,SCH_oh_Vo,2021,9023,96.12,49.30747922
1513,SCH_oh_Vo,2022,459,2.8,1.436339386
1514,SCH_oh_Vo,2022,9001,4.9,2.513593926
1515,SCH_oh_Vo,2022,9002,86.99,44.62398687
1516,SCH_oh_Vo,2022,9020,4.13,2.118600595
1517,SCH_oh_Vo,2022,9023,96.12,49.30747922
1518,VOR_oh_Bo,2016,171,12.63,2.074436634
1519,VOR_oh_Bo,2016,411,13.31,2.186124433
1520,VOR_oh_Bo,2016,459,8.33,1.368175547
1521,VOR_oh_Bo,2016,9001,29.83,4.89948098
1522,VOR_oh_Bo,2016,9002,238.95,39.24676434
1523,VOR_oh_Bo,2016,9010,1.4,0.22994547
1524,VOR_oh_Bo,2016,9011,50.25,8.253399908
1525,VOR_oh_Bo,2016,9012,42.09,6.913146311
1526,VOR_oh_Bo,2016,9020,32.67,5.365941791
1527,VOR_oh_Bo,2016,9023,179.38,29.46258459
1528,VOR_oh_Bo,2017,411,20.04,3.291505157
1529,VOR_oh_Bo,2017,459,8.33,1.368175547
1530,VOR_oh_Bo,2017,9001,29.83,4.89948098
1531,VOR_oh_Bo,2017,9002,238.95,39.24676434
1532,VOR_oh_Bo,2017,9010,1.4,0.22994547
1533,VOR_oh_Bo,2017,9011,50.25,8.253399908
1534,VOR_oh_Bo,2017,9012,42.09,6.913146311
1535,VOR_oh_Bo,2017,9020,39.35,6.463110177
1536,VOR_oh_Bo,2017,9023,178.6,29.33447211
1537,VOR_oh_Bo,2018,121,2.21,0.362985349
1538,VOR_oh_Bo,2018,411,21.06,3.459036857
1539,VOR_oh_Bo,2018,459,8.25,1.355035806
1540,VOR_oh_Bo,2018,602,3.69,0.60607056
1541,VOR_oh_Bo,2018,9001,29.83,4.89948098
1542,VOR_oh_Bo,2018,9002,238.95,39.24676434
1543,VOR_oh_Bo,2018,9010,1.4,0.22994547
1544,VOR_oh_Bo,2018,9011,50.25,8.253399908
1545,VOR_oh_Bo,2018,9012,42.18,6.92792852
1546,VOR_oh_Bo,2018,9020,32.34,5.311740359
1547,VOR_oh_Bo,2018,9023,178.68,29.34761185
1548,VOR_oh_Bo,2019,411,23.55,3.8680113
1549,VOR_oh_Bo,2019,459,6.99,1.148084883
1550,VOR_oh_Bo,2019,602,2.21,0.362985349
1551,VOR_oh_Bo,2019,9001,29.83,4.89948098
1552,VOR_oh_Bo,2019,9002,238.95,39.24676434
1553,VOR_oh_Bo,2019,9010,1.4,0.22994547
1554,VOR_oh_Bo,2019,9011,50.25,8.253399908
1555,VOR_oh_Bo,2019,9012,44.06,7.236712437
1556,VOR_oh_Bo,2019,9020,32.92,5.407003482
1557,VOR_oh_Bo,2019,9023,178.68,29.34761185
1558,VOR_oh_Bo,2020,121,2.21,0.362985349
1559,VOR_oh_Bo,2020,131,3.66,0.601143157
1560,VOR_oh_Bo,2020,411,20.68,3.396623087
1561,VOR_oh_Bo,2020,459,6.95,1.141515012
1562,VOR_oh_Bo,2020,9001,29.83,4.89948098
1563,VOR_oh_Bo,2020,9002,238.95,39.24676434
1564,VOR_oh_Bo,2020,9010,1.4,0.22994547
1565,VOR_oh_Bo,2020,9011,50.25,8.253399908
1566,VOR_oh_Bo,2020,9012,44.13,7.24820971
1567,VOR_oh_Bo,2020,9020,32.06,5.265751265
1568,VOR_oh_Bo,2020,9023,178.72,29.35418172
1569,VOR_oh_Bo,2021,121,7.03,1.154654753
1570,VOR_oh_Bo,2021,411,16.13,2.649300309
1571,VOR_oh_Bo,2021,459,6.95,1.141515012
1572,VOR_oh_Bo,2021,9001,29.83,4.89948098
1573,VOR_oh_Bo,2021,9002,238.95,39.24676434
1574,VOR_oh_Bo,2021,9010,1.4,0.22994547
1575,VOR_oh_Bo,2021,9011,50.25,8.253399908
1576,VOR_oh_Bo,2021,9012,44.26,7.26956179
1577,VOR_oh_Bo,2021,9020,35.32,5.801195716
1578,VOR_oh_Bo,2021,9023,178.72,29.35418172
1579,VOR_oh_Bo,2022,121,3.21,0.527232114
1580,VOR_oh_Bo,2022,411,33.37,5.480914526
1581,VOR_oh_Bo,2022,459,16.45,2.701859273
1582,VOR_oh_Bo,2022,602,6.74,1.107023192
1583,VOR_oh_Bo,2022,9001,29.83,4.89948098
1584,VOR_oh_Bo,2022,9002,238.91,39.24019447
1585,VOR_oh_Bo,2022,9010,1.4,0.22994547
1586,VOR_oh_Bo,2022,9011,50.25,8.253399908
1587,VOR_oh_Bo,2022,9020,49.96,8.205768346
1588,VOR_oh_Bo,2022,9023,178.72,29.35418172
1589,VOR_uh_Sch,2016,411,7.41,1.60472973
1590,VOR_uh_Sch,2016,459,2.99,0.647522523
1591,VOR_uh_Sch,2016,9001,29.83,6.460065835
1592,VOR_uh_Sch,2016,9002,180.79,39.15237353
1593,VOR_uh_Sch,2016,9010,1.4,0.303187803
1594,VOR_uh_Sch,2016,9011,50.25,10.88227651
1595,VOR_uh_Sch,2016,9012,3.56,0.770963271
1596,VOR_uh_Sch,2016,9020,6.45,1.396829522
1597,VOR_uh_Sch,2016,9023,179.08,38.78205128
1598,VOR_uh_Sch,2017,411,7.41,1.60472973
1599,VOR_uh_Sch,2017,459,2.99,0.647522523
1600,VOR_uh_Sch,2017,9001,29.83,6.460065835
1601,VOR_uh_Sch,2017,9002,180.79,39.15237353
1602,VOR_uh_Sch,2017,9010,1.4,0.303187803
1603,VOR_uh_Sch,2017,9011,50.25,10.88227651
1604,VOR_uh_Sch,2017,9012,3.56,0.770963271
1605,VOR_uh_Sch,2017,9020,7.23,1.565748441
1606,VOR_uh_Sch,2017,9023,178.3,38.61313236
1607,VOR_uh_Sch,2018,411,8.52,1.845114345
1608,VOR_uh_Sch,2018,459,2.91,0.630197505
1609,VOR_uh_Sch,2018,9001,29.83,6.460065835
1610,VOR_uh_Sch,2018,9002,180.79,39.15237353
1611,VOR_uh_Sch,2018,9010,1.4,0.303187803
1612,VOR_uh_Sch,2018,9011,50.25,10.88227651
1613,VOR_uh_Sch,2018,9012,3.56,0.770963271
1614,VOR_uh_Sch,2018,9020,6.12,1.325363825
1615,VOR_uh_Sch,2018,9023,178.38,38.63045738
1616,VOR_uh_Sch,2019,411,7.32,1.585239085
1617,VOR_uh_Sch,2019,459,2.91,0.630197505
1618,VOR_uh_Sch,2019,9001,29.83,6.460065835
1619,VOR_uh_Sch,2019,9002,180.79,39.15237353
1620,VOR_uh_Sch,2019,9010,1.4,0.303187803
1621,VOR_uh_Sch,2019,9011,50.25,10.88227651
1622,VOR_uh_Sch,2019,9012,3.56,0.770963271
1623,VOR_uh_Sch,2019,9020,7.32,1.585239085
1624,VOR_uh_Sch,2019,9023,178.38,38.63045738
1625,VOR_uh_Sch,2020,411,8.14,1.762820513
1626,VOR_uh_Sch,2020,459,2.91,0.630197505
1627,VOR_uh_Sch,2020,9001,29.83,6.460065835
1628,VOR_uh_Sch,2020,9002,180.79,39.15237353
1629,VOR_uh_Sch,2020,9010,1.4,0.303187803
1630,VOR_uh_Sch,2020,9011,50.25,10.88227651
1631,VOR_uh_Sch,2020,9012,3.56,0.770963271
1632,VOR_uh_Sch,2020,9020,6.46,1.398995149
1633,VOR_uh_Sch,2020,9023,178.42,38.63911989
1634,VOR_uh_Sch,2021,121,7.03,1.522435897
1635,VOR_uh_Sch,2021,459,2.91,0.630197505
1636,VOR_uh_Sch,2021,9001,29.83,6.460065835
1637,VOR_uh_Sch,2021,9002,180.79,39.15237353
1638,VOR_uh_Sch,2021,9010,1.4,0.303187803
1639,VOR_uh_Sch,2021,9011,50.25,10.88227651
1640,VOR_uh_Sch,2021,9012,3.56,0.770963271
1641,VOR_uh_Sch,2021,9020,7.57,1.639379764
1642,VOR_uh_Sch,2021,9023,178.42,38.63911989
1643,VOR_uh_Sch,2022,121,0.86,0.186243936
1644,VOR_uh_Sch,2022,411,9.84,2.130977131
1645,VOR_uh_Sch,2022,459,3.91,0.846760222
1646,VOR_uh_Sch,2022,9001,29.83,6.460065835
1647,VOR_uh_Sch,2022,9002,180.75,39.14371102
1648,VOR_uh_Sch,2022,9010,1.4,0.303187803
1649,VOR_uh_Sch,2022,9011,50.25,10.88227651
1650,VOR_uh_Sch,2022,9020,6.5,1.407657658
1651,VOR_uh_Sch,2022,9023,178.42,38.63911989
1652,WIT_ob,2016,121,6.37,1.977953734
1653,WIT_ob,2016,131,5.4,1.676758267
1654,WIT_ob,2016,411,3.72,1.15510014
1655,WIT_ob,2016,459,5.74,1.782331936
1656,WIT_ob,2016,602,0.47,0.145940071
1657,WIT_ob,2016,9001,58.62,18.20214252
1658,WIT_ob,2016,9002,194.11,60.2732495
1659,WIT_ob,2016,9003,0.09,0.027945971
1660,WIT_ob,2016,9012,1.94,0.602390933
1661,WIT_ob,2016,9020,2.13,0.661387983
1662,WIT_ob,2016,9021,33.57,10.42384723
1663,WIT_ob,2016,9023,9.89,3.070951716
1664,WIT_ob,2017,115,0.46,0.142834964
1665,WIT_ob,2017,121,1.31,0.406769135
1666,WIT_ob,2017,131,1.34,0.416084459
1667,WIT_ob,2017,411,14.7,4.564508617
1668,WIT_ob,2017,459,5.74,1.782331936
1669,WIT_ob,2017,9001,58.62,18.20214252
1670,WIT_ob,2017,9002,194.11,60.2732495
1671,WIT_ob,2017,9003,0.09,0.027945971
1672,WIT_ob,2017,9012,1.94,0.602390933
1673,WIT_ob,2017,9020,0.28,0.086943021
1674,WIT_ob,2017,9021,33.57,10.42384723
1675,WIT_ob,2017,9023,9.89,3.070951716
1676,WIT_ob,2018,131,1.19,0.36950784
1677,WIT_ob,2018,411,11.99,3.723024375
1678,WIT_ob,2018,459,5.72,1.77612172
1679,WIT_ob,2018,9001,58.62,18.20214252
1680,WIT_ob,2018,9002,194.11,60.2732495
1681,WIT_ob,2018,9003,0.09,0.027945971
1682,WIT_ob,2018,9012,1.94,0.602390933
1683,WIT_ob,2018,9020,4.91,1.52460798
1684,WIT_ob,2018,9021,33.59,10.43005744
1685,WIT_ob,2018,9023,9.89,3.070951716
1686,WIT_ob,2019,121,0.75,0.232883093
1687,WIT_ob,2019,131,1.34,0.416084459
1688,WIT_ob,2019,411,8.51,2.642446825
1689,WIT_ob,2019,459,5.72,1.77612172
1690,WIT_ob,2019,9001,58.62,18.20214252
1691,WIT_ob,2019,9002,194.11,60.2732495
1692,WIT_ob,2019,9003,0.09,0.027945971
1693,WIT_ob,2019,9012,1.94,0.602390933
1694,WIT_ob,2019,9020,7.49,2.325725819
1695,WIT_ob,2019,9021,33.59,10.43005744
1696,WIT_ob,2019,9023,9.89,3.070951716
1697,WIT_ob,2020,121,1.83,0.568234746
1698,WIT_ob,2020,131,1.19,0.36950784
1699,WIT_ob,2020,411,7.84,2.434404596
1700,WIT_ob,2020,459,5.72,1.77612172
1701,WIT_ob,2020,602,0.47,0.145940071
1702,WIT_ob,2020,9001,58.62,18.20214252
1703,WIT_ob,2020,9002,194.11,60.2732495
1704,WIT_ob,2020,9003,0.09,0.027945971
1705,WIT_ob,2020,9012,1.94,0.602390933
1706,WIT_ob,2020,9020,6.76,2.099052942
1707,WIT_ob,2020,9021,33.59,10.43005744
1708,WIT_ob,2020,9023,9.89,3.070951716
1709,WIT_ob,2021,121,1.62,0.50302748
1710,WIT_ob,2021,131,5.08,1.577394814
1711,WIT_ob,2021,411,8.63,2.67970812
1712,WIT_ob,2021,459,5.72,1.77612172
1713,WIT_ob,2021,9001,58.62,18.20214252
1714,WIT_ob,2021,9002,194.11,60.2732495
1715,WIT_ob,2021,9003,0.09,0.027945971
1716,WIT_ob,2021,9012,1.94,0.602390933
1717,WIT_ob,2021,9020,2.76,0.857009781
1718,WIT_ob,2021,9021,33.59,10.43005744
1719,WIT_ob,2021,9023,9.89,3.070951716
1720,WIT_ob,2022,121,7.39,2.29467474
1721,WIT_ob,2022,131,1.19,0.36950784
1722,WIT_ob,2022,411,16.66,5.173109766
1723,WIT_ob,2022,459,17.87,5.548827822
1724,WIT_ob,2022,9001,58.62,18.20214252
1725,WIT_ob,2022,9002,194.11,60.2732495
1726,WIT_ob,2022,9003,0.09,0.027945971
1727,WIT_ob,2022,9020,16.23,5.039590126
1728,WIT_ob,2022,9023,9.89,3.070951716
